OrderNumber,CustomerName,Store,JobType,ScheduledInstallDate,CurrentStatus,Revenue,Lot,Tract,JobNumber,MaterialLinesCount,SampleMaterials
"604130C1","PULTE HOMES OF INDIANAP MS1050","003","RESILIENT - LV CLICK","","","-143.85","","","RVP 62 - LVT","","INDIANAPOLIS - VARIANCE / SURCHARGE FEE - INDIANAPOLIS - N"
"CG524172","HAGAN PROPERTIES, BELLE AT CEDAR CREEK (AIA)","005","RESILIENT - MULTIPLE","","","101930.56","","","UNIT LVT & BROADLOOM CARPET","39","SPARTAN SURFACES - KATANGA 7""X48"" GLUE DOWN; MOHAWK FACTORING LLC - AMPED - ABAC - WELDLOK - 12FT 00IN; LEXINGTON - CARPET LABOR - CUT PILE - UNDER 35 OZ - EMPTY - LEXINGTON - C"
"CG534746","HAGAN PROPERTIES, BELLE AT CEDAR CREEK (AIA)","005","RESILIENT - MULTIPLE","2026-04-01","SCHEDULED","52700","","","LVT & HARDWOOD - CLUBHOUSE","16","SPARTAN SURFACES - KATANGA 7""X48"" GLUE DOWN; MANNINGTON MILLS - LATITUDE COLLECTION PARK CITY HB 37 ( 23.400 FT2 /CTN); ALL SURFACES - MAPEI ULTRABOND ECO 399 RESILIENT ADHESIVE 4 GALLON (STOCK 1/2/3/5/6)"
"CG600906","HAGAN PROPERTIES, BELLE AT CEDAR CREEK (AIA)","005","RESILIENT - LV CLICK","","","44082","","","BLDG 7 (TYPE A) - LVP","5","LOUISVILLE - LVP/LVT/WPC/SPC LABOR - GLUE DOWN - EMPTY - LOUISVILLE - N; DS SMITH PACKAGING - CORRUGATED CARDBOARD 1000SF E FLUTE (STOCK 1/3/5/19); BLUE DOLPHIN SUNDRIES - AXIS APT WASHI TAPE 0200 1.88"" (24 PER CASE) (STOCK 1/2/3/5/6/19)"
"CG606390","ELITE HOMES","005","RESILIENT - LV CLICK","2026-06-10","JOB CUT","7293.5","132","Reserve at L'Esprit","RLE 132 - LVT","9","SHAW INDUSTRIES - WILLINGHAM HD NB; DS SMITH PACKAGING - CORRUGATED CARDBOARD 1000SF E FLUTE (STOCK 1/3/5/19); BLUE DOLPHIN SUNDRIES - AXIS APT WASHI TAPE 0200 1.88"" (24 PER CASE) (STOCK 1/2/3/5/6/19)"
"CG608331","TAYLOR HOMES - LOUISVILLE","005","RESILIENT - LV CLICK","","","0","15902 Somers","15902 Somers","15902 - LVT","0",""
"CG609466","HAGAN PROPERTIES, BELLE AT CEDAR CREEK (AIA)","005","RESILIENT - LV GLUE","","","8962.81","","","CHANGE ORDER #8","3","SHAW INDUSTRIES - SEA EDGE 24""X24""; SHAW INDUSTRIES - SEA TILE 24""X24""; SPARTAN SURFACES - KATANGA 7""X48"" LOOSE LAY"
"CG610686","ELITE HOMES","005","RESILIENT - LV CLICK","","","6533.1","134","Reserve at L'Esprit","RLE 134 - LVT","6","SHAW INDUSTRIES - GALBERRY; SHAW INDUSTRIES - MULTI PR RD; DS SMITH PACKAGING - CORRUGATED CARDBOARD 1000SF E FLUTE (STOCK 1/3/5/19)"
"CG612431","ONYX & EAST INDIANAPOLIS","003","RESILIENT - LV CLICK","2026-07-14","SCHEDULED","1316","15","Westbranch Holdings","WBH 15 - WT","15","M S INTERNATIONAL INC. - CHARISMA WHITE 12X24 MATTE ( 16 SF PER BOX ); DALTILE - CBP PRISM 17 LB (STOCK COLORS); DALTILE - CBP COMMERCIAL 100% SILICONE 10.5 OZ (STOCK COLORS)"
"CG615976","BENNETT CUSTOM HOMES","003","RESILIENT - LV CLICK","","","16086.41","9250","W WOLF MOUNTAIN RD","ILKO -LVP","6","MOHAWK FACTORING LLC - REFINED FOREST - VINYL TILE - 9  X 72 - 4 PER CASE; MOHAWK FACTORING LLC - POLY-MHS 100SF - UNDERLAYMENT - ROLL (STOCK 1/2/3/5/6/19); STERLING DISTRIBUTION - CORRUGATED CARDBOARD 1000SF (STOCK 1/2/3/5/19)"
"CG616377","HAGAN PROPERTIES, BELLE AT CEDAR CREEK (AIA)","005","RESILIENT - LV CLICK","2026-06-15","SCHEDULED","44082","","","BLDG 8 LVP (TYPE A)","7","LOUISVILLE - LVP/LVT/WPC/SPC LABOR - GLUE DOWN - EMPTY - LOUISVILLE - N; DS SMITH PACKAGING - CORRUGATED CARDBOARD 1000SF E FLUTE (STOCK 1/3/5/19); BLUE DOLPHIN SUNDRIES - AXIS APT WASHI TAPE 0200 1.88"" (24 PER CASE) (STOCK 1/2/3/5/6/19)"
"CG616378","HAGAN PROPERTIES, BELLE AT CEDAR CREEK (AIA)","005","RESILIENT - LV CLICK","","","47925.23","","","BLDG 9 LVP (TYPE B-HC)","6","LOUISVILLE - LVP/LVT/WPC/SPC LABOR - GLUE DOWN - EMPTY - LOUISVILLE - N; DS SMITH PACKAGING - CORRUGATED CARDBOARD 1000SF E FLUTE (STOCK 1/3/5/19); BLUE DOLPHIN SUNDRIES - AXIS APT WASHI TAPE 0200 1.88"" (24 PER CASE) (STOCK 1/2/3/5/6/19)"
"CG616379","HAGAN PROPERTIES, BELLE AT CEDAR CREEK (AIA)","005","RESILIENT - LV CLICK","","","47925.23","","","BLDG 10 LVP (TYPE B-ALT)","5","LOUISVILLE - LVP/LVT/WPC/SPC LABOR - GLUE DOWN - EMPTY - LOUISVILLE - N; DS SMITH PACKAGING - CORRUGATED CARDBOARD 1000SF E FLUTE (STOCK 1/3/5/19); BLUE DOLPHIN SUNDRIES - AXIS APT WASHI TAPE 0200 1.88"" (24 PER CASE) (STOCK 1/2/3/5/6/19)"
"CG616380","HAGAN PROPERTIES, BELLE AT CEDAR CREEK (AIA)","005","RESILIENT - LV CLICK","","","47925.23","","","BLDG 11 LVP (TYPE B-ALT)","5","LOUISVILLE - LVP/LVT/WPC/SPC LABOR - GLUE DOWN - EMPTY - LOUISVILLE - N; DS SMITH PACKAGING - CORRUGATED CARDBOARD 1000SF E FLUTE (STOCK 1/3/5/19); BLUE DOLPHIN SUNDRIES - AXIS APT WASHI TAPE 0200 1.88"" (24 PER CASE) (STOCK 1/2/3/5/6/19)"
"CG616381","HAGAN PROPERTIES, BELLE AT CEDAR CREEK (AIA)","005","RESILIENT - LV CLICK","","","47925.23","","","BLDG 12 LVP (TYPE B)","6","LOUISVILLE - LVP/LVT/WPC/SPC LABOR - GLUE DOWN - EMPTY - LOUISVILLE - N; DS SMITH PACKAGING - CORRUGATED CARDBOARD 1000SF E FLUTE (STOCK 1/3/5/19); BLUE DOLPHIN SUNDRIES - AXIS APT WASHI TAPE 0200 1.88"" (24 PER CASE) (STOCK 1/2/3/5/6/19)"
"CG616382","HAGAN PROPERTIES, BELLE AT CEDAR CREEK (AIA)","005","RESILIENT - LV CLICK","","","44082","","","BLDG 13 LVP (TYPE A)","5","LOUISVILLE - LVP/LVT/WPC/SPC LABOR - GLUE DOWN - EMPTY - LOUISVILLE - N; DS SMITH PACKAGING - CORRUGATED CARDBOARD 1000SF E FLUTE (STOCK 1/3/5/19); BLUE DOLPHIN SUNDRIES - AXIS APT WASHI TAPE 0200 1.88"" (24 PER CASE) (STOCK 1/2/3/5/6/19)"
"CG616384","HAGAN PROPERTIES, BELLE AT CEDAR CREEK (AIA)","005","RESILIENT - LV CLICK","","","44082","","","BLDG 14 LVP (TYPE A)","5","LOUISVILLE - LVP/LVT/WPC/SPC LABOR - GLUE DOWN - EMPTY - LOUISVILLE - N; DS SMITH PACKAGING - CORRUGATED CARDBOARD 1000SF E FLUTE (STOCK 1/3/5/19); BLUE DOLPHIN SUNDRIES - AXIS APT WASHI TAPE 0200 1.88"" (24 PER CASE) (STOCK 1/2/3/5/6/19)"
"CG616385","HAGAN PROPERTIES, BELLE AT CEDAR CREEK (AIA)","005","RESILIENT - LV CLICK","","","44082","","","BLDG 15 LVP (TYPE A-HC)","7","LOUISVILLE - LVP/LVT/WPC/SPC LABOR - GLUE DOWN - EMPTY - LOUISVILLE - N; DS SMITH PACKAGING - CORRUGATED CARDBOARD 1000SF E FLUTE (STOCK 1/3/5/19); BLUE DOLPHIN SUNDRIES - AXIS APT WASHI TAPE 0200 1.88"" (24 PER CASE) (STOCK 1/2/3/5/6/19)"
"CG616606","DIYANNI HOMES - LOUISVILLE","005","RESILIENT - LV CLICK","2026-06-09","SCHEDULED","1992.88","1519","GAUSEPOHL","1519 GAUSE - LVT","12","CLARK-FISHMAN FLOORING - JOHNSONITE 8' QUARTER ROUND 1/2"" (STOCK COLORS); DIXIE HOME RETAIL - VINYL 1"" THRESHOLD; DS SMITH PACKAGING - CORRUGATED CARDBOARD 1000SF E FLUTE (STOCK 1/3/5/19)"
"CG616847","ESTRIDGE HOMES","003","RESILIENT - LV CLICK","2026-07-08","SCHEDULED","6856.23","120","Midland","MD 120 - LVT","9","SHAW INDUSTRIES - POLARIS PLUS; SHAW INDUSTRIES - MULTI PR RD LVT; SHAW INDUSTRIES - OVERLAP SN"
"CG617544","D.R. HORTON INDIANA (INDIANA DIVISION)","003","RESILIENT - LV GLUE","2026-06-10","SCHEDULED","3184.68","668","HOMESTEAD HLE","HH 668 - LVT GLUE","13","MOHAWK FACTORING LLC - ARRINGTON - VINYL TILE - 6  X 36 - 24 PER CASE (STOCK COLORS); PATRIOT TIMBER PRODUCTS - 5.2MM REVOLUTIONPLY 4'X8' LUAN (STOCK 1/2/3/5/6); ALL SURFACES - MAPEI ULTRABOND ECO 399 RESILIENT ADHESIVE 4 GALLON (STOCK 1/2/3/5/6)"
"CG617692","D.R. HORTON INDIANA (INDIANA DIVISION)","003","RESILIENT - LV GLUE","2026-06-09","SCHEDULED","2820.62","669","HOMESTEAD","HH 669 - LVT GLUE","12","MOHAWK FACTORING LLC - ARRINGTON - VINYL TILE - 6  X 36 - 24 PER CASE (STOCK COLORS); PATRIOT TIMBER PRODUCTS - 5.2MM REVOLUTIONPLY 4'X8' LUAN (STOCK 1/2/3/5/6); CLARK-FISHMAN FLOORING - JOHNSONITE 8' QUARTER ROUND 1/2"" (STOCK COLORS)"
"CG617755","FISCHER HOMES OF INDIANAPOLIS","003","RESILIENT - LV CLICK","2026-06-25","SCHEDULED","9971.8","11","The Cove","COV 11 - LVT","11","SHAW INDUSTRIES - FRIENDS; SHAW INDUSTRIES - BABY THRESHOLD W TRACK; SHAW INDUSTRIES - FLUSH SN 6.5   7.4MM"
"CG617773","EPCON COMMUNITIES - INDIANAPOLIS","003","RESILIENT - LV GLUE","2026-06-19","SCHEDULED","11564.33","","COURTYARDS OF RUSSELL OAK","CRO CLUBHOUSE - LVP GLUE","9","CHILEWICH LLC - BOULCE 18""X18"" VINYL BACKED TILE; CHILEWICH LLC - 1 GAL ADHESIVE; CHILEWICH LLC - 4 GAL ADHESIVE"
"CG618186","DAVIS BUILDING GROUP LLC","003","RESILIENT - LV CLICK","2026-07-02","SCHEDULED","10667.89","423","ON YOUR LOT","OYL 423 - LVT","9","OHIO VALLEY FLOORING - AQUA16 7  X 48  23.67SF; MOHAWK FACTORING LLC - POLY-MHS 100SF - UNDERLAYMENT - ROLL (STOCK 1/2/3/5/6/19); CLARK-FISHMAN FLOORING - JOHNSONITE 8' QUARTER ROUND 1/2"" (STOCK COLORS)"
"CG619003","FISCHER HOMES OF INDIANAPOLIS","003","RESILIENT - LV CLICK","2026-06-30","SCHEDULED","4595.11","43B","Parkrose","PRS 43B - LVT","10","SHAW INDUSTRIES - HAVENSTEAD; SHAW INDUSTRIES - BABY THRESHOLD W TRACK; CLARK-FISHMAN FLOORING - JOHNSONITE 8' QUARTER ROUND 1/2"" (STOCK COLORS)"
"CG619315","ESTRIDGE HOMES","003","RESILIENT - LV CLICK","2026-06-09","SCHEDULED","3320.52","106","MIDLAND","MD 106 - LVT","10","SHAW INDUSTRIES - OPTIMUM 512C PLUS; MOHAWK FACTORING LLC - POLY-MHS 100SF - UNDERLAYMENT - ROLL (STOCK 1/2/3/5/6/19); SHAW INDUSTRIES - MULTI PR RD LVT"
"CG619826","UNBRIDLED HOMES","005","RESILIENT - LV CLICK","2026-06-10","JOB CUT","662.25","501","MEDINA WAY","DUNCAN RESIDENCE - LVT","13","LEGENDARY FLOORS - BRENTWOOD 9""X60"" 5MM W/ ATTACHED PAD 30MIL; LEGENDARY FLOORS - BRENTWOOD 3N1 MULTIPURPOSE REDUCER 94""; CLARK-FISHMAN FLOORING - JOHNS TUB MOLDING 1 1/2""X5' (STOCK 1/2/5/6)"
"CG619956","ARBOR HOMES - INDIANAPOLIS","003","RESILIENT - LV CLICK","2026-07-01","SCHEDULED","5271.75","295","Silver Stream","SVS 295 - LVT","10","SHAW INDUSTRIES - POLARIS PLUS - V3464 (STOCK COLORS); MOHAWK FACTORING LLC - POLY-MHS 100SF - UNDERLAYMENT - ROLL (STOCK 1/2/3/5/6/19); ALL SURFACES - ROPPE VINYL 190 TUB MOLDING 1 X 5 FT (STOCK COLOR)"
"CG620201","DAVIS BUILDING GROUP LLC","003","RESILIENT - LV CLICK","2026-07-06","SCHEDULED","6763.1","408","ON YOUR LOT","OYL 408 - LVT","11","OHIO VALLEY FLOORING - AQUA16 7  X 48  23.67SF; MOHAWK FACTORING LLC - POLY-MHS 100SF - UNDERLAYMENT - ROLL (STOCK 1/2/3/5/6/19); CLARK-FISHMAN FLOORING - JOHNSONITE 8' QUARTER ROUND 1/2"" (STOCK COLORS)"
"CG622267","ARBOR HOMES - INDIANAPOLIS","003","RESILIENT - LV CLICK","2026-07-02","SCHEDULED","5677.65","303","Silver Stream","SVS 303 - LVT","10","SHAW INDUSTRIES - POLARIS PLUS - V3464 (STOCK COLORS); MOHAWK FACTORING LLC - POLY-MHS 100SF - UNDERLAYMENT - ROLL (STOCK 1/2/3/5/6/19); SHAW INDUSTRIES - REDUCER 3.4 6.6MM"
"CG622518","PULTE HOMES OF LOUISV MS 1050","005","RESILIENT - LV CLICK","2026-06-08","COMPLETED - ADDL LABOR","8480.02","180","CREEKSTONE","KCS TCG 4.5 180 - LVT","11","SHAW INDUSTRIES - FOLEY HILLS; SHAW INDUSTRIES - LYNMAR PLUS; SHAW INDUSTRIES - FLSN4.5W4.5 5.4"
"CG622920","SUPERIOR BUILDERS","005","RESILIENT - LV CLICK","","","2306.36","8531","BATES RD","BATES 8531 - LVT/VENTS","6","ALL SURFACES - NOVOCORE PREMIUM PLANK 7.1 IN X 49 IN; PERFECT VENTS INC. - REGISTER VENT FLUSH 4""X10"" CUSTOM COLORS; PERFECT VENTS INC. - STANDARD TEMPLATE 4""X10"" PROFILE"
"CG623089","DAVID WEEKLEY HOMES","003","RESILIENT - LV CLICK","2026-06-30","SCHEDULED","6120.6","49","Harvest Trail of Westfiel","HTW 49 - LVT","10","SHAW INDUSTRIES - LEGATO HILLS HD PLUS; MOHAWK FACTORING LLC - POLY-MHS 100SF - UNDERLAYMENT - ROLL (STOCK 1/2/3/5/6/19); SHAW INDUSTRIES - BABY THRESHOLD"
"CG623528","D.R. HORTON INDIANA (INDIANA DIVISION)","003","RESILIENT - LV GLUE","2026-06-17","SCHEDULED","2856.38","121","CENTRE PLACE","CP 121 - LVT GLUE","13","MOHAWK FACTORING LLC - ARRINGTON - VINYL TILE - 6  X 36 - 24 PER CASE (STOCK COLORS); PATRIOT TIMBER PRODUCTS - 5.2MM REVOLUTIONPLY 4'X8' LUAN (STOCK 1/2/3/5/6); CLARK-FISHMAN FLOORING - JOHNSONITE 8' QUARTER ROUND 1/2"" (STOCK COLORS)"
"CG623989","DUKE HOMES INC","003","RESILIENT - LV CLICK","","","3838.43","5858","ENRIGHT RESIDENCE","ENRIGHT POOL HOUSE - LVT","9","MANNINGTON MILLS - ADURA MAX PLANK ACACIA 6X48 ( 27.390 FT2 /CTN); MOHAWK FACTORING LLC - POLY-MHS 100SF - UNDERLAYMENT - ROLL (STOCK 1/2/3/5/6/19); MANNINGTON MILLS - MOLDINGS ADURA MAX END CAPS 94"
"CG624300","D.R. HORTON INDIANA (INDIANA DIVISION)","003","RESILIENT - LV GLUE","2026-06-08","SCHEDULED","2554.74","120","CENTRE PLACE","CP 120 - LVT GLUE","12","MOHAWK FACTORING LLC - ARRINGTON - VINYL TILE - 6  X 36 - 24 PER CASE (STOCK COLORS); ALL SURFACES - MAPEI ULTRABOND ECO 399 RESILIENT ADHESIVE 4 GALLON (STOCK 1/2/3/5/6); ALL SURFACES - MAPEI ULTRABOND ECO 399 RESILIENT ADHESIVE 1 GALLON (STOCK 1/2/3/5/6)"
"CG624369","D.R. HORTON INDIANA (INDIANA DIVISION)","003","RESILIENT - LV GLUE","2026-06-15","SCHEDULED","2968.71","131","SUMMERFIELD","SF 131 - LVP GLUE","10","MOHAWK FACTORING LLC - ARRINGTON - VINYL TILE - 6  X 36 - 24 PER CASE (STOCK COLORS); CLARK-FISHMAN FLOORING - JOHNSONITE 8' QUARTER ROUND 1/2"" (STOCK COLORS); ALL SURFACES - MAPEI ULTRABOND ECO 399 RESILIENT ADHESIVE 4 GALLON (STOCK 1/2/3/5/6)"
"CG624573","DAVID WEEKLEY HOMES","003","RESILIENT - LV CLICK","2026-06-26","SCHEDULED","7932.54","88","Grantham at Fishers","GRF 88 - LVT","9","SHAW INDUSTRIES - LEGATO HILLS HD PLUS; SHAW INDUSTRIES - BABY THRESHOLD; SHAW INDUSTRIES - FLSN 8MM"
"CG624653","ARBOR HOMES - LOUISVILLE","005","RESILIENT - LV CLICK","2026-06-23","SCHEDULED","3933","85","Old Heritage","OLH 85 - LVT","9","SHAW INDUSTRIES - HEARDSVILLE PLUS; SHAW INDUSTRIES - FLSN4.5W4.5 5.4; CLARK-FISHMAN FLOORING - JOHNSONITE 8' QUARTER ROUND 1/2"" (STOCK COLORS)"
"CG625173","ESTRIDGE HOMES","003","RESILIENT - LV CLICK","2026-07-01","SCHEDULED","13160.03","237","Midland","MD 237 - LVT","9","SHAW INDUSTRIES - PRIDE PLUS ACCENT SPC; SHAW INDUSTRIES - BABY THRESHOLD W TRACK (STOCK COLOR); SHAW INDUSTRIES - FLSN 8MM"
"CG625277","D.R. HORTON INDIANA (INDIANA DIVISION)","003","RESILIENT - LV GLUE","2026-06-10","SCHEDULED","2277.98","694","Homestead HLE","HH 694 - LVT GLUE","11","MOHAWK FACTORING LLC - ARRINGTON - VINYL TILE - 6  X 36 - 24 PER CASE (STOCK COLORS); ALL SURFACES - MAPEI ULTRABOND ECO 399 RESILIENT ADHESIVE 4 GALLON (STOCK 1/2/3/5/6); CLARK-FISHMAN FLOORING - JOHNSONITE 8' QUARTER ROUND 1/2"" (STOCK COLORS)"
"CG626074","D.R. HORTON INDIANA (INDIANA DIVISION)","003","RESILIENT - LV GLUE","2026-06-17","SCHEDULED","3043.6","672","HOMESTEAD","HH 672 - LVT GLUE DOWN","13","MOHAWK FACTORING LLC - ARRINGTON - VINYL TILE - 6  X 36 - 24 PER CASE (STOCK COLORS); PATRIOT TIMBER PRODUCTS - 5.2MM REVOLUTIONPLY 4'X8' LUAN (STOCK 1/2/3/5/6); CLARK-FISHMAN FLOORING - JOHNSONITE 8' QUARTER ROUND 1/2"" (STOCK COLORS)"
"CG626209","PULTE HOMES OF LOUISV MS 1050","005","RESILIENT - LV CLICK","2026-06-10","JOB CUT","9208.18","98","AIKEN RIDGE TCG 4.5","KAR TCG 4.5 98 - LVT","11","SHAW INDUSTRIES - HEARTH; MOHAWK FACTORING LLC - POLY-MHS 100SF - UNDERLAYMENT - ROLL (STOCK 1/2/3/5/6/19); SHAW INDUSTRIES - BABY THRESHOLD W TRACK"
"CG626900","DAVID WEEKLEY HOMES","003","RESILIENT - LV CLICK","2026-06-10","SCHEDULED","7017.48","126","Harvest Trail of Westfiel","HTW 126 - LVT","10","SHAW INDUSTRIES - LEGATO HILLS HD PLUS; MOHAWK FACTORING LLC - POLY-MHS 100SF - UNDERLAYMENT - ROLL (STOCK 1/2/3/5/6/19); SHAW INDUSTRIES - BABY THRESHOLD"
"CG627399","PULTE HOMES OF INDIANAP MS1050","003","RESILIENT - LV CLICK","2026-06-08","SCHEDULED","2848.57","22","Highlands TCG 4 - 30'","HL30 22 - LVT","10","SHAW INDUSTRIES - CHESTERFIELD PLUS; MOHAWK FACTORING LLC - POLY-MHS 100SF - UNDERLAYMENT - ROLL (STOCK 1/2/3/5/6/19); INDIANAPOLIS - LVP/LVT/WPC/SPC LABOR - FLOATING - EMPTY - INDIANAPOLIS - N"
"CG627444","DIYANNI HOMES - INDY","003","RESILIENT - LV CLICK","","","1349.41","3369 MATEPAW LANE","BURTON RESIDENCE","1523 - LVT","8","OHIO VALLEY FLOORING - STONINGTON 12X24 24SF; CLARK-FISHMAN FLOORING - JOHNSONITE 8' QUARTER ROUND 1/2"" (STOCK COLORS); OHIO VALLEY FLOORING - STONINGTON END CAP 94IN"
"CG627450","PULTE HOMES OF LOUISV MS 1050","005","RESILIENT - LV CLICK","2026-06-22","SCHEDULED","3827.76","176","Catalpa Farms","KCTF 176 - LVT","10","SHAW INDUSTRIES - CHESTERFIELD PLUS; SHAW INDUSTRIES - BABY THRESHOLD W TRACK (STOCK COLOR); SHAW INDUSTRIES - FLSN4.5W4.5 5.4"
"CG627508","PULTE HOMES OF INDIANAP MS1050","003","RESILIENT - LV CLICK","2026-06-10","SCHEDULED","4714.49","61","SANDSTONE LANDINGS","SAND 61 - LVT","11","SHAW INDUSTRIES - POLARIS PLUS - V3178 (STOCK COLOR); INDIANAPOLIS - LVP/LVT/WPC/SPC LABOR - FLOATING - EMPTY - INDIANAPOLIS - N; MOHAWK FACTORING LLC - POLY-MHS 100SF - UNDERLAYMENT - ROLL (STOCK 1/2/3/5/6/19)"
"CG627664","PULTE HOMES OF LOUISV MS 1050","005","RESILIENT - LV CLICK","2026-06-11","JOB CUT","3164.63","95","AIKEN RIDGE TCG 4","KAR TCG 4 95 - LVT","10","SHAW INDUSTRIES - CHESTERFIELD PLUS; SHAW INDUSTRIES - BABY THRESHOLD W TRACK (STOCK COLOR); SHAW INDUSTRIES - FLSN4.5W4.5 5.4"
"CG627833","PULTE HOMES OF LOUISV MS 1050","005","RESILIENT - LV CLICK","2026-06-12","SCHEDULED","3711.68","163","CATALPA FARMS","KCTF 163 - LVT","10","SHAW INDUSTRIES - CHESTERFIELD PLUS; SHAW INDUSTRIES - BABY THRESHOLD W TRACK (STOCK COLOR); SHAW INDUSTRIES - FLSN4.5W4.5 5.4"
"CG627865","D.R. HORTON INDIANA (INDIANA DIVISION)","003","RESILIENT - LV GLUE","2026-06-26","SCHEDULED","2856.38","768","Homestead HLE","HH 768 - LVT GLUE","13","MOHAWK FACTORING LLC - ARRINGTON - VINYL TILE - 6  X 36 - 24 PER CASE (STOCK COLORS); PATRIOT TIMBER PRODUCTS - 5.2MM REVOLUTIONPLY 4'X8' LUAN (STOCK 1/2/3/5/6); CLARK-FISHMAN FLOORING - JOHNSONITE 8' QUARTER ROUND 1/2"" (STOCK COLORS)"
"CG627911","DAVID WEEKLEY HOMES","003","RESILIENT - LV CLICK","","","6375.12","43","Harvest Trail of Westfiel","HTW 43 - LVT","8","SHAW INDUSTRIES - LEGATO HILLS HD PLUS; MOHAWK FACTORING LLC - POLY-MHS 100SF - UNDERLAYMENT - ROLL (STOCK 1/2/3/5/6/19); SHAW INDUSTRIES - BABY THRESHOLD"
"CG627973","STURDY BUILT HOMES","005","RESILIENT - LV CLICK","","","6047.36","11623","DOBBINS RESIDENCE","DOBBINS - LVT","8","LEGENDARY FLOORS - CONNISTON 7""X48"" 20MIL; MOHAWK FACTORING LLC - POLY-MHS 100SF - UNDERLAYMENT - ROLL (STOCK 1/2/3/5/6/19); LEGENDARY FLOORS - CONNISTON 3N1 MULTIPURPOSE REDUCER 94"""
"CG628039","PULTE HOMES OF LOUISV MS 1050","005","RESILIENT - LV CLICK","2026-06-18","SCHEDULED","4963.64","160","CAPALTA FARMS","KCTF 160 - LVT","11","SHAW INDUSTRIES - CHESTERFIELD PLUS; SHAW INDUSTRIES - BABY THRESHOLD W TRACK (STOCK COLOR); SHAW INDUSTRIES - FLSN4.5W4.5 5.4"
"CG628400","TAYLOR MORRISON","003","RESILIENT - LV CLICK","2026-06-09","SCHEDULED","4791.27","1085","FINCH CREEK","FCR 1085 - LVT","12","SHAW INDUSTRIES - WILDHAWK SOUTH; SHAW INDUSTRIES - URBAN ORGANICS; MOHAWK FACTORING LLC - POLY-MHS 100SF - UNDERLAYMENT - ROLL (STOCK 1/2/3/5/6/19)"
"CG628440","D.R. HORTON INDIANA (INDIANA DIVISION)","003","RESILIENT - LV GLUE","2026-06-18","SCHEDULED","2477.97","108","CENTRE PLACE","CP 108 - LVT GLUE","11","MOHAWK FACTORING LLC - ARRINGTON - VINYL TILE - 6  X 36 - 24 PER CASE (STOCK COLORS); ALL SURFACES - MAPEI ULTRABOND ECO 399 RESILIENT ADHESIVE 1 GALLON (STOCK 1/2/3/5/6); ALL SURFACES - MAPEI ULTRABOND ECO 399 RESILIENT ADHESIVE 4 GALLON (STOCK 1/2/3/5/6)"
"CG628588","DAVID WEEKLEY HOMES","003","RESILIENT - LV CLICK","","","7175.04","44","Harvest Trail of Westfiel","HTW 44 - LVT","8","SHAW INDUSTRIES - LEGATO HILLS HD PLUS; MOHAWK FACTORING LLC - POLY-MHS 100SF - UNDERLAYMENT - ROLL (STOCK 1/2/3/5/6/19); SHAW INDUSTRIES - BABY THRESHOLD"
"CG628616","DAVID WEEKLEY HOMES","003","RESILIENT - LV CLICK","2026-07-02","SCHEDULED","11180.7","101","Grantham at Fishers","GRF 101 - LVT","12","SHAW INDUSTRIES - LEANDER; MOHAWK FACTORING LLC - POLY-MHS 100SF - UNDERLAYMENT - ROLL (STOCK 1/2/3/5/6/19); SHAW INDUSTRIES - BABY TH RW"
"CG628786","D.R. HORTON INDIANA (INDIANA DIVISION)","003","RESILIENT - LV GLUE","2026-06-19","SCHEDULED","2912.65","9","CENTRE PLACE","CP 9 - LVT GLUE","11","MOHAWK FACTORING LLC - ARRINGTON - VINYL TILE - 6  X 36 - 24 PER CASE (STOCK COLORS); ALL SURFACES - MAPEI ULTRABOND ECO 399 RESILIENT ADHESIVE 1 GALLON (STOCK 1/2/3/5/6); ALL SURFACES - MAPEI ULTRABOND ECO 399 RESILIENT ADHESIVE 4 GALLON (STOCK 1/2/3/5/6)"
"CG628801","D.R. HORTON INDIANA (INDIANA DIVISION)","003","RESILIENT - LV GLUE","2026-06-18","SCHEDULED","2277.98","119","CENTRE PLACE","CP 119 - LVT GLUE","10","MOHAWK FACTORING LLC - ARRINGTON - VINYL TILE - 6  X 36 - 24 PER CASE (STOCK COLORS); ALL SURFACES - MAPEI ULTRABOND ECO 399 RESILIENT ADHESIVE 4 GALLON (STOCK 1/2/3/5/6); CLARK-FISHMAN FLOORING - JOHNSONITE 8' QUARTER ROUND 1/2"" (STOCK COLORS)"
"CG629187","D.R. HORTON INDIANA (INDIANA DIVISION)","003","RESILIENT - LV GLUE","2026-06-18","SCHEDULED","2277.98","123","CENTRE PLACE","CP 123 - LVT GLUE","10","MOHAWK FACTORING LLC - ARRINGTON - VINYL TILE - 6  X 36 - 24 PER CASE (STOCK COLORS); ALL SURFACES - MAPEI ULTRABOND ECO 399 RESILIENT ADHESIVE 4 GALLON (STOCK 1/2/3/5/6); CLARK-FISHMAN FLOORING - JOHNSONITE 8' QUARTER ROUND 1/2"" (STOCK COLORS)"
"CG629361","PILLAR HOMES & REMODELING LLC","003","RESILIENT - LV GLUE","2026-06-30","SCHEDULED","4043.52","223","10806 MCPHERSON","10806 MCPHERSON - LVT GLUE","10","MOHAWK FACTORING LLC - ARRINGTON - VINYL TILE - 6  X 36 - 24 PER CASE (STOCK COLORS); ALL SURFACES - MAPEI ULTRABOND ECO 399 RESILIENT ADHESIVE 4 GALLON (STOCK 1/2/3/5/6); INDIANAPOLIS - LVP/LVT/WPC/SPC LABOR - GLUE DOWN - EMPTY - INDIANAPOLIS - N"
"CG629761","FISCHER HOMES OF INDIANAPOLIS","003","RESILIENT - LV CLICK","2026-07-16","SCHEDULED","7067.64","107","Cove","COV 107 - LVT","9","SHAW INDUSTRIES - HAVENSTEAD; SHAW INDUSTRIES - BABY THRESHOLD W TRACK; SHAW INDUSTRIES - FLUSH SN 6.5   7.4MM"
"CG629929","D.R. HORTON INDIANA (INDIANA DIVISION)","003","RESILIENT - LV GLUE","2026-07-09","SCHEDULED","2856.38","674","HOMESTEAD HLE","HH 674 - LVT GLUE","13","MOHAWK FACTORING LLC - ARRINGTON - VINYL TILE - 6  X 36 - 24 PER CASE (STOCK COLORS); PATRIOT TIMBER PRODUCTS - 5.2MM REVOLUTIONPLY 4'X8' LUAN (STOCK 1/2/3/5/6); CLARK-FISHMAN FLOORING - JOHNSONITE 8' QUARTER ROUND 1/2"" (STOCK COLORS)"
"CG629963","PULTE HOMES OF INDIANAP MS1050","003","RESILIENT - LV CLICK","2026-06-11","SCHEDULED","6441.84","6","Promenade Crossings","PROC 6 - MODEL - LVT","11","SHAW INDUSTRIES - POLARIS PLUS - V3464 (STOCK COLORS); MOHAWK FACTORING LLC - POLY-MHS 100SF - UNDERLAYMENT - ROLL (STOCK 1/2/3/5/6/19); INDIANAPOLIS - LVP/LVT/WPC/SPC LABOR - FLOATING - EMPTY - INDIANAPOLIS - N"
"CG630032","PULTE HOMES OF INDIANAP MS1050","003","RESILIENT - LV CLICK","2026-06-16","SCHEDULED","2698.92","21","HIGHLAND TCG 4-30'","HL30 21 - LVP","9","SHAW INDUSTRIES - POLARIS PLUS - V2178; MOHAWK FACTORING LLC - POLY-MHS 100SF - UNDERLAYMENT - ROLL (STOCK 1/2/3/5/6/19); INDIANAPOLIS - LVP/LVT/WPC/SPC LABOR - FLOATING - EMPTY - INDIANAPOLIS - N"
"CG630172","PULTE HOMES OF LOUISV MS 1050","005","RESILIENT - LV CLICK","2026-06-11","JOB CUT","3711.68","162","CATALPA FARMS","KCTF 162 - LVT - CLICK","10","SHAW INDUSTRIES - CHESTERFIELD PLUS; SHAW INDUSTRIES - BABY THRESHOLD W TRACK (STOCK COLOR); SHAW INDUSTRIES - FLSN4.5W4.5 5.4"
"CG630232","DAVID WEEKLEY HOMES","003","RESILIENT - LV CLICK","2026-06-25","SCHEDULED","5660.04","54","Harvest Trail","HTW 54 - LVT","9","SHAW INDUSTRIES - LEANDER; MOHAWK FACTORING LLC - POLY-MHS 100SF - UNDERLAYMENT - ROLL (STOCK 1/2/3/5/6/19); SHAW INDUSTRIES - T MOLD 6 RW"
"CG630249","ESTRIDGE HOMES","003","RESILIENT - LV CLICK","2026-06-30","SCHEDULED","15178.38","228","Midland","MD 228 - LVT","10","SHAW INDUSTRIES - POLARIS PLUS; MOHAWK FACTORING LLC - POLY-MHS 100SF - UNDERLAYMENT - ROLL (STOCK 1/2/3/5/6/19); SHAW INDUSTRIES - MULTI PR RD LVT"
"CG630648","PULTE HOMES OF INDIANAP MS1050","003","RESILIENT - LV CLICK","2026-06-16","SCHEDULED","2848.57","147","HIGHLANDS TCG 4 - 30'","HL30 147 - LVT","10","SHAW INDUSTRIES - POLARIS PLUS - V2178; MOHAWK FACTORING LLC - POLY-MHS 100SF - UNDERLAYMENT - ROLL (STOCK 1/2/3/5/6/19); INDIANAPOLIS - LVP/LVT/WPC/SPC LABOR - FLOATING - EMPTY - INDIANAPOLIS - N"
"CG630680","PULTE HOMES OF INDIANAP MS1050","003","RESILIENT - LV CLICK","2026-06-12","SCHEDULED","8659.11","24","RIVENDELL","RVND 24 - LVP","11","SHAW INDUSTRIES - DWELL; SHAW INDUSTRIES - FLUSH SN 4.5  WIDE 6.5   7.4MM; INDIANAPOLIS - LVP/LVT/WPC/SPC LABOR - FLOATING - EMPTY - INDIANAPOLIS - N"
"CG631374","D.R. HORTON INDIANA (INDIANA DIVISION)","003","RESILIENT - LV GLUE","2026-07-10","SCHEDULED","2856.38","815","HOMESTEAD HLE","HH 815 - LVT GLUE","11","MOHAWK FACTORING LLC - ARRINGTON - VINYL TILE - 6  X 36 - 24 PER CASE (STOCK COLORS); ALL SURFACES - MAPEI ULTRABOND ECO 399 RESILIENT ADHESIVE 1 GALLON (STOCK 1/2/3/5/6); ALL SURFACES - MAPEI ULTRABOND ECO 399 RESILIENT ADHESIVE 4 GALLON (STOCK 1/2/3/5/6)"
"CG631398","D.R. HORTON INDIANA (INDIANA DIVISION)","003","RESILIENT - LV GLUE","2026-07-10","SCHEDULED","1679.51","787","HOMESTEAD HLE","HH 787 - LVT GLUE","10","MOHAWK FACTORING LLC - ARRINGTON - VINYL TILE - 6  X 36 - 24 PER CASE (STOCK COLORS); ALL SURFACES - MAPEI ULTRABOND ECO 399 RESILIENT ADHESIVE 1 GALLON (STOCK 1/2/3/5/6); CLARK-FISHMAN FLOORING - JOHNSONITE 8' QUARTER ROUND 1/2"" (STOCK COLORS)"
"CG631421","DAVIS BUILDING GROUP LLC","003","RESILIENT - LV CLICK","2026-06-15","SCHEDULED","10635.71","413","ON YOUR LOT","OYL 413 - LVT","11","OHIO VALLEY FLOORING - AQUA16 7  X 48  23.67SF; OHIO VALLEY FLOORING - AQUA16 7  X 48  23.67SF; MOHAWK FACTORING LLC - POLY-MHS 100SF - UNDERLAYMENT - ROLL (STOCK 1/2/3/5/6/19)"
"CG631504","D.R. HORTON INDIANA (INDIANA DIVISION)","003","RESILIENT - LV GLUE","2026-07-08","SCHEDULED","2277.98","673","HOMESTEAD HLE","HH 673 - LVT GLUE","10","MOHAWK FACTORING LLC - ARRINGTON - VINYL TILE - 6  X 36 - 24 PER CASE (STOCK COLORS); ALL SURFACES - MAPEI ULTRABOND ECO 399 RESILIENT ADHESIVE 4 GALLON (STOCK 1/2/3/5/6); CLARK-FISHMAN FLOORING - JOHNSONITE 8' QUARTER ROUND 1/2"" (STOCK COLORS)"
"CG631522","ESTRIDGE HOMES","003","RESILIENT - LV CLICK","","","7461.94","144","MIDLAND","MD 144 - LVT","9","SHAW INDUSTRIES - POLARIS PLUS; MOHAWK FACTORING LLC - POLY-MHS 100SF - UNDERLAYMENT - ROLL (STOCK 1/2/3/5/6/19); SHAW INDUSTRIES - T MOLD 3.4 6.6MM"
"CG631666","D.R. HORTON INDIANA (INDIANA DIVISION)","003","RESILIENT - LV GLUE","2026-06-29","SCHEDULED","2277.98","675","HOMESTEAD","HH 675 - LVP GLUE","10","MOHAWK FACTORING LLC - ARRINGTON - VINYL TILE - 6  X 36 - 24 PER CASE (STOCK COLORS); ALL SURFACES - MAPEI ULTRABOND ECO 399 RESILIENT ADHESIVE 4 GALLON (STOCK 1/2/3/5/6); CLARK-FISHMAN FLOORING - JOHNSONITE 8' QUARTER ROUND 1/2"" (STOCK COLORS)"
"CG631709","PULTE HOMES OF INDIANAP MS1050","003","RESILIENT - LV CLICK","2026-06-18","SCHEDULED","3552.31","108","Highlands","HL30 108 - LVT","8","SHAW INDUSTRIES - POLARIS PLUS - V3464 (STOCK COLORS); MOHAWK FACTORING LLC - POLY-MHS 100SF - UNDERLAYMENT - ROLL (STOCK 1/2/3/5/6/19); INDIANAPOLIS - LVP/LVT/WPC/SPC LABOR - FLOATING - EMPTY - INDIANAPOLIS - N"
"CG631806","PILLAR HOMES & REMODELING LLC","003","RESILIENT - LV CLICK","2026-07-09","SCHEDULED","2624.73","6030","ELLIS RESIDENCE","6030 N TUXEDO - LVT","8","OHIO VALLEY FLOORING - AUDACITY LIBERTY 25.52SF; OHIO VALLEY FLOORING - ORD WPC ENDURACOR (FOUNDATIONS) 94IN; INDIANAPOLIS - LVP/LVT/WPC/SPC LABOR - FLOATING - EMPTY - INDIANAPOLIS - N"
"CG631817","ESTRIDGE HOMES","003","RESILIENT - LV CLICK","2026-07-06","SCHEDULED","20161.49","257","MIDLAND","MD 257 - LVT","10","SHAW INDUSTRIES - POLARIS PLUS; MOHAWK FACTORING LLC - POLY-MHS 100SF - UNDERLAYMENT - ROLL (STOCK 1/2/3/5/6/19); SHAW INDUSTRIES - MULTI PR RD LVT"
"CG632091","ESTRIDGE HOMES","003","RESILIENT - LV CLICK","","","13872.84","242","Midland","MD 242 - LVT","8","SHAW INDUSTRIES - HOUSE; MOHAWK FACTORING LLC - POLY-MHS 100SF - UNDERLAYMENT - ROLL (STOCK 1/2/3/5/6/19); SHAW INDUSTRIES - FLUSH SN 4.5  WIDE 6.5   7.4MM"
"CG632118","ESTRIDGE HOMES","003","RESILIENT - LV CLICK","","","5843.32","100","MIDLAND","MD 100 - LVT","10","SHAW INDUSTRIES - POLARIS PLUS; SHAW INDUSTRIES - OBELISK SPC; MOHAWK FACTORING LLC - POLY-MHS 100SF - UNDERLAYMENT - ROLL (STOCK 1/2/3/5/6/19)"
"CG632238","ARBOR HOMES - INDIANAPOLIS","003","RESILIENT - LV CLICK","2026-06-18","SCHEDULED","4489.65","78","Isabelle Farms","IBF 78 - LVT","10","SHAW INDUSTRIES - POLARIS PLUS - V3178 (STOCK COLOR); MOHAWK FACTORING LLC - POLY-MHS 100SF - UNDERLAYMENT - ROLL (STOCK 1/2/3/5/6/19); CLARK-FISHMAN FLOORING - JOHNSONITE 8' QUARTER ROUND 1/2"" (STOCK COLORS)"
"CG632415","REDSMITH CONSTRUCTION, LLC","016","RESILIENT - LV CLICK","2026-06-15","INSPECTION FAILED - HALT","7415.19","","","","14","IFC FLOORING - PINNACLE 9""X72"" 30MIL (STOCK COLORS); IFC FLOORING - PINNACLE REDUCER 94""; MOHAWK FACTORING LLC - POLY-MHS 100SF - UNDERLAYMENT - ROLL (STOCK 1/2/3/5/6/19)"
"CG632416","REDSMITH CONSTRUCTION, LLC","016","RESILIENT - LV CLICK","2026-06-03","SCHEDULED","1126.33","","","","5","SHAW INDUSTRIES - STITCH; CARPENTER - EMERALD 3/8"" 8# PAD; LOUISVILLE - WORKROOM LABOR - SERGING - LOUISVILLE - N"
"CG632464","ESTRIDGE HOMES","003","RESILIENT - LV CLICK","","","6469.39","124","Midland","MD 124 - LVT","8","SHAW INDUSTRIES - POLARIS PLUS; SHAW INDUSTRIES - BABY THRESHOLD W TRACK (STOCK COLOR); SHAW INDUSTRIES - OVERLAP SN"
"CG632499","ESTRIDGE HOMES","003","RESILIENT - LV CLICK","","","6387.95","123","Midland","MD 123 - LVT","9","SHAW INDUSTRIES - POLARIS PLUS; MOHAWK FACTORING LLC - POLY-MHS 100SF - UNDERLAYMENT - ROLL (STOCK 1/2/3/5/6/19); SHAW INDUSTRIES - BABY THRESHOLD W TRACK (STOCK COLOR)"
"CG632536","PULTE HOMES OF INDIANAP MS1050","003","RESILIENT - LV CLICK","2026-06-12","SCHEDULED","3340.77","24","HIGHLANDS TCG","HL30 24 - LVT","9","SHAW INDUSTRIES - POLARIS PLUS - V3464 (STOCK COLORS); MOHAWK FACTORING LLC - POLY-MHS 100SF - UNDERLAYMENT - ROLL (STOCK 1/2/3/5/6/19); INDIANAPOLIS - LVP/LVT/WPC/SPC LABOR - FLOATING - EMPTY - INDIANAPOLIS - N"
"CG632593","ARBOR HOMES - INDIANAPOLIS","003","RESILIENT - LV CLICK","2026-06-22","SCHEDULED","5845.95","59","Somerset","SMS 59 - LVT","8","SHAW INDUSTRIES - POLARIS PLUS - V2178; MOHAWK FACTORING LLC - POLY-MHS 100SF - UNDERLAYMENT - ROLL (STOCK 1/2/3/5/6/19); DS SMITH PACKAGING - CORRUGATED CARDBOARD 1000SF E FLUTE (STOCK 1/3/5/19)"
"CG632634","ESTRIDGE HOMES","003","RESILIENT - LV CLICK","","","6061.88","111","Midland","MD 111 - LVT","7","SHAW INDUSTRIES - HOME; SHAW INDUSTRIES - FLUSH SN 4.5  WIDE 6.5   7.4MM; SHAW INDUSTRIES - MULTI PR RD"
"CG632662","D.R. HORTON INDIANA (INDIANA DIVISION)","003","RESILIENT - LV GLUE","2026-07-09","SCHEDULED","2820.62","676","HOMESTEAD HLE","HH 676 - LVT GLUE","12","MOHAWK FACTORING LLC - ARRINGTON - VINYL TILE - 6  X 36 - 24 PER CASE (STOCK COLORS); PATRIOT TIMBER PRODUCTS - 5.2MM REVOLUTIONPLY 4'X8' LUAN (STOCK 1/2/3/5/6); CLARK-FISHMAN FLOORING - JOHNSONITE 8' QUARTER ROUND 1/2"" (STOCK COLORS)"
"CG632867","ARBOR HOMES - LOUISVILLE","005","RESILIENT - LV CLICK","","","6004.05","509","Brookstone","BROST 509 - LVT","9","SHAW INDUSTRIES - SPICER BAY; SHAW INDUSTRIES - BABY THRESHOLD W TRACK; SHAW INDUSTRIES - FLUSH SN 4.5  WIDE 6.5   7.4MM"
"CG632935","PULTE HOMES OF INDIANAP MS1050","003","RESILIENT - LV CLICK","2026-06-12","FOLLOW UP","7130.37","15","Rivendell (Canak)","RVND 15 - LVT","10","SHAW INDUSTRIES - POLARIS PLUS - V3464 (STOCK COLORS); INDIANAPOLIS - LVP/LVT/WPC/SPC LABOR - FLOATING - EMPTY - INDIANAPOLIS - N; MOHAWK FACTORING LLC - POLY-MHS 100SF - UNDERLAYMENT - ROLL (STOCK 1/2/3/5/6/19)"
"CG632954","PULTE HOMES OF INDIANAP MS1050","003","RESILIENT - LV CLICK","2026-06-22","SCHEDULED","3400.6","145","Highlands TCG 4","HL30 145 - LVT","8","SHAW INDUSTRIES - POLARIS PLUS - V2178; MOHAWK FACTORING LLC - POLY-MHS 100SF - UNDERLAYMENT - ROLL (STOCK 1/2/3/5/6/19); INDIANAPOLIS - LVP/LVT/WPC/SPC LABOR - FLOATING - EMPTY - INDIANAPOLIS - N"
"CG632988","PULTE HOMES OF INDIANAP MS1050","003","RESILIENT - LV CLICK","2026-06-26","SCHEDULED","4782.02","15","Sandstone Landings","SAND 15 - LVT","11","SHAW INDUSTRIES - POLARIS PLUS - V2178; MOHAWK FACTORING LLC - POLY-MHS 100SF - UNDERLAYMENT - ROLL (STOCK 1/2/3/5/6/19); INDIANAPOLIS - LVP/LVT/WPC/SPC LABOR - FLOATING - EMPTY - INDIANAPOLIS - N"
"CG633000","PULTE HOMES OF INDIANAP MS1050","003","RESILIENT - LV CLICK","2026-06-18","SCHEDULED","5430.64","195","Bridle Oaks","BRO 195 - LVT","10","SHAW INDUSTRIES - POLARIS PLUS - V3464 (STOCK COLORS); MOHAWK FACTORING LLC - POLY-MHS 100SF - UNDERLAYMENT - ROLL (STOCK 1/2/3/5/6/19); INDIANAPOLIS - LVP/LVT/WPC/SPC LABOR - FLOATING - EMPTY - INDIANAPOLIS - N"
"CG633037","PULTE HOMES OF INDIANAP MS1050","003","RESILIENT - LV CLICK","2026-06-16","SCHEDULED","7255.43","111","Promenade Crossings 5-48'","PROC 111 - LVT","10","SHAW INDUSTRIES - HEARTH; SHAW INDUSTRIES - FLUSH SN 4.5  WIDE 6.5   7.4MM; INDIANAPOLIS - LVP/LVT/WPC/SPC LABOR - FLOATING - EMPTY - INDIANAPOLIS - N"
"CG633374","ARBOR HOMES - INDIANAPOLIS","003","RESILIENT - LV CLICK","2026-06-24","SCHEDULED","3138.3","50","Isabelle Farms","IBF 50 - LVT","10","SHAW INDUSTRIES - POLARIS PLUS - V3464 (STOCK COLORS); MOHAWK FACTORING LLC - POLY-MHS 100SF - UNDERLAYMENT - ROLL (STOCK 1/2/3/5/6/19); ALL SURFACES - ROPPE VINYL 190 TUB MOLDING 1 X 5 FT (STOCK COLOR)"
"CG633408","ARBOR HOMES - INDIANAPOLIS","003","RESILIENT - LV CLICK","2026-07-06","SCHEDULED","4489.65","108","Isabelle Farms","IBF 108 - LVT","10","SHAW INDUSTRIES - POLARIS PLUS - V3464 (STOCK COLORS); MOHAWK FACTORING LLC - POLY-MHS 100SF - UNDERLAYMENT - ROLL (STOCK 1/2/3/5/6/19); CLARK-FISHMAN FLOORING - JOHNSONITE 8' QUARTER ROUND 1/2"" (STOCK COLORS)"
"CG633491","TAYLOR HOMES - LOUISVILLE","005","RESILIENT - LV CLICK","","","0","","","MODEL- LANDING LVT MAT","","SHAW INDUSTRIES - QUARTER ROUND LVT"
"CG633500","ARBOR HOMES - INDIANAPOLIS","003","RESILIENT - LV CLICK","2026-06-29","SCHEDULED","3846.54","22","Bridle Oaks South","BRI 22 - MODEL LVT","10","SHAW INDUSTRIES - GALBERRY; MOHAWK FACTORING LLC - POLY-MHS 100SF - UNDERLAYMENT - ROLL (STOCK 1/2/3/5/6/19); ALL SURFACES - ROPPE VINYL 190 TUB MOLDING 1 X 5 FT (STOCK COLOR)"
"CG633501","ARBOR HOMES - INDIANAPOLIS","003","RESILIENT - LV CLICK","2026-06-26","SCHEDULED","744.58","22","Bridle Oaks South","BRI 22 - MODEL OFFICE LVT","8","SHAW INDUSTRIES - GALBERRY; MOHAWK FACTORING LLC - POLY-MHS 100SF - UNDERLAYMENT - ROLL (STOCK 1/2/3/5/6/19); DS SMITH PACKAGING - CORRUGATED CARDBOARD 1000SF E FLUTE (STOCK 1/3/5/19)"
"CG633629","PULTE HOMES OF LOUISV MS 1050","005","RESILIENT - LV CLICK","2026-06-25","SCHEDULED","5867.19","39","CREEKSTONE TCG 4.5 PACKAG","KCS TCG 4.5 39 - LVP","10","SHAW INDUSTRIES - HEARTH; SHAW INDUSTRIES - BABY THRESHOLD W TRACK; SHAW INDUSTRIES - FLUSH SN 4.5  WIDE 6.5   7.4MM"
"CG633640","TK CONSTRUCTORS OF INDIANA","003","RESILIENT - LV CLICK","","","10527","I2-3435","I2-3435","I2-3435 - LVT","8","OHIO VALLEY FLOORING - AUDACITY LIBERTY 25.52SF; OHIO VALLEY FLOORING - OSN WPC ENDURACOR 94IN; OHIO VALLEY FLOORING - SQUARE NOSE WPC ENDURACOR 94IN"
"CG633647","ESTRIDGE HOMES","003","RESILIENT - LV CLICK","","","4662.44","112","Midland","MD 112 - LVT","7","SHAW INDUSTRIES - POLARIS PLUS; SHAW INDUSTRIES - MULTI PR RD LVT; SHAW INDUSTRIES - OVERLAP SN"
"CG633662","ARBOR HOMES - INDIANAPOLIS","003","RESILIENT - LV CLICK","2026-07-06","SCHEDULED","4816.35","41","Maple Trails","MAP 41 - LVT","10","SHAW INDUSTRIES - HEARDSVILLE PLUS; MOHAWK FACTORING LLC - POLY-MHS 100SF - UNDERLAYMENT - ROLL (STOCK 1/2/3/5/6/19); CLARK-FISHMAN FLOORING - JOHNSONITE 8' QUARTER ROUND 1/2"" (STOCK COLORS)"
"CG633749","ARBOR HOMES - INDIANAPOLIS","003","RESILIENT - LV CLICK","2026-06-26","SCHEDULED","5712.3","149","Northwood Haven","NWH 149 - LVT","10","SHAW INDUSTRIES - POLARIS PLUS - V3464 (STOCK COLORS); MOHAWK FACTORING LLC - POLY-MHS 100SF - UNDERLAYMENT - ROLL (STOCK 1/2/3/5/6/19); CLARK-FISHMAN FLOORING - JOHNSONITE 8' QUARTER ROUND 1/2"" (STOCK COLORS)"
"CG633793","PULTE HOMES OF LOUISV MS 1050","005","RESILIENT - LV CLICK","2026-07-01","SCHEDULED","4855.81","155","CATALPA FARMS","KCTF 155 - LVP","11","SHAW INDUSTRIES - CHESTERFIELD PLUS; SHAW INDUSTRIES - BABY THRESHOLD W TRACK (STOCK COLOR); SHAW INDUSTRIES - FLSN4.5W4.5 5.4"
"CG633975","TAYLOR MORRISON","003","RESILIENT - LV CLICK","2026-06-25","SCHEDULED","1265.61","1084","FINCH CREEK","FCR 1084 - LVT","10","SHAW INDUSTRIES - URBAN ORGANICS; MOHAWK FACTORING LLC - POLY-MHS 100SF - UNDERLAYMENT - ROLL (STOCK 1/2/3/5/6/19); SHAW INDUSTRIES - BABY THRESHOLD"
"CG634627","ESTRIDGE HOMES","003","RESILIENT - LV CLICK","","","12764.69","250","Midland","MD 250 - LVT","7","SHAW INDUSTRIES - HOME; SHAW INDUSTRIES - FLUSH SN 4.5  WIDE 6.5   7.4MM; SHAW INDUSTRIES - MULTI PR RD"
"CG634693","ESTRIDGE HOMES","003","RESILIENT - LV CLICK","","","30156.75","R32","Chatham","CH R32 - LVT","10","SHAW INDUSTRIES - TEMPORAL; MOHAWK FACTORING LLC - POLY-MHS 100SF - UNDERLAYMENT - ROLL (STOCK 1/2/3/5/6/19); SHAW INDUSTRIES - BABY THRESHOLD"
"CG634722","ESTRIDGE HOMES","003","RESILIENT - LV CLICK","","","5782.24","156","Midland","MD 156 - LVT","8","SHAW INDUSTRIES - POLARIS PLUS; CLARK-FISHMAN FLOORING - JOHNSONITE 8' QUARTER ROUND 1/2"" (STOCK COLORS); SHAW INDUSTRIES - MULTI PR RD LVT"
"CG634962","ARBOR HOMES - INDIANAPOLIS","003","RESILIENT - LV CLICK","2026-07-09","SCHEDULED","4781.7","295","Maple Trails","MAP 295 - LVT","10","SHAW INDUSTRIES - HEARDSVILLE PLUS; MOHAWK FACTORING LLC - POLY-MHS 100SF - UNDERLAYMENT - ROLL (STOCK 1/2/3/5/6/19); ALL SURFACES - ROPPE VINYL 190 TUB MOLDING 1 X 5 FT (STOCK COLOR)"
"CG635007","ARBOR HOMES - INDIANAPOLIS","003","RESILIENT - LV CLICK","","","4474.8","19","Bridle Oaks South","BRI 19 - LVT","8","SHAW INDUSTRIES - HEARDSVILLE PLUS; MOHAWK FACTORING LLC - POLY-MHS 100SF - UNDERLAYMENT - ROLL (STOCK 1/2/3/5/6/19); ALL SURFACES - ROPPE VINYL 190 TUB MOLDING 1 X 5 FT (STOCK COLOR)"
"CG635049","ESTRIDGE HOMES","003","RESILIENT - LV CLICK","","","15891.64","232","Midland","MD 232 - LVT","14","SHAW INDUSTRIES - PRIDE PLUS ACCENT SPC; SHAW INDUSTRIES - OBELISK SPC; SHAW INDUSTRIES - OBELISK SPC"
"CG635054","ESTRIDGE HOMES","003","RESILIENT - LV CLICK","","","12383.97","255","Midland","MD 255 - LVT","10","SHAW INDUSTRIES - POLARIS PLUS; MOHAWK FACTORING LLC - POLY-MHS 100SF - UNDERLAYMENT - ROLL (STOCK 1/2/3/5/6/19); SHAW INDUSTRIES - BABY THRESHOLD W TRACK (STOCK COLOR)"
"CG635066","ESTRIDGE HOMES","003","RESILIENT - LV CLICK","","","13157.7","246","Midland","MD 246 - LVT","8","SHAW INDUSTRIES - RESOLUTEHD NATURAL BEVEL; SHAW INDUSTRIES - BABY THRESHOLD W TRACK (STOCK COLOR); SHAW INDUSTRIES - FLUSH SN"
"CG635410","PULTE HOMES OF INDIANAP MS1050","003","RESILIENT - LV CLICK","2026-07-09","SCHEDULED","3163.78","19","HIGHLAND TCG 4-30'","HL30 19 - LVT","9","SHAW INDUSTRIES - CHESTERFIELD PLUS; MOHAWK FACTORING LLC - POLY-MHS 100SF - UNDERLAYMENT - ROLL (STOCK 1/2/3/5/6/19); INDIANAPOLIS - LVP/LVT/WPC/SPC LABOR - FLOATING - EMPTY - INDIANAPOLIS - N"
"CG635428","PULTE HOMES OF INDIANAP MS1050","003","RESILIENT - LV CLICK","2026-07-09","SCHEDULED","3916.49","181","Highlands TCG 4 - 30","HL30 181 - LVT","9","SHAW INDUSTRIES - CHESTERFIELD PLUS; MOHAWK FACTORING LLC - POLY-MHS 100SF - UNDERLAYMENT - ROLL (STOCK 1/2/3/5/6/19); INDIANAPOLIS - LVP/LVT/WPC/SPC LABOR - FLOATING - EMPTY - INDIANAPOLIS - N"
"CG635468","PULTE HOMES OF INDIANAP MS1050","003","RESILIENT - LV CLICK","2026-06-29","SCHEDULED","5430.64","162","Bridle Oaks","BRO 162 - LVT","11","SHAW INDUSTRIES - CHESTERFIELD PLUS; MOHAWK FACTORING LLC - POLY-MHS 100SF - UNDERLAYMENT - ROLL (STOCK 1/2/3/5/6/19); INDIANAPOLIS - LVP/LVT/WPC/SPC LABOR - FLOATING - EMPTY - INDIANAPOLIS - N"
"CG635487","PULTE HOMES OF INDIANAP MS1050","003","RESILIENT - LV CLICK","2026-07-02","SCHEDULED","4943.41","192","Bridle Oaks","BRO 192 - LVT","9","SHAW INDUSTRIES - POLARIS PLUS - V2178; MOHAWK FACTORING LLC - POLY-MHS 100SF - UNDERLAYMENT - ROLL (STOCK 1/2/3/5/6/19); INDIANAPOLIS - LVP/LVT/WPC/SPC LABOR - FLOATING - EMPTY - INDIANAPOLIS - N"
"CG635496","UNBRIDLED HOMES","005","RESILIENT - LV CLICK","","","1971.71","7050","EAST BISHOP HILL","ROMAN - VENTS","9","ALL SURFACES - FIRMFIT INTOWN PLANK 9 IN X 60 IN; PERFECT VENTS INC. - REGISTER VENT FLUSH 6""X12"" STANDARD COLORS; LOUISVILLE - VENT LABOR - FLUSH MOUNT CUT INTO EXISTING FLOOR - LOUISVILLE - N"
"CG635633","DAVID WEEKLEY HOMES","003","RESILIENT - LV CLICK","","","6120.6","47","Harvest Trail of Westfiel","HTW 47 - LVT","7","SHAW INDUSTRIES - LEGATO HILLS HD PLUS; MOHAWK FACTORING LLC - POLY-MHS 100SF - UNDERLAYMENT - ROLL (STOCK 1/2/3/5/6/19); SHAW INDUSTRIES - BABY THRESHOLD"
"CG635681","ARBOR HOMES - INDIANAPOLIS","003","RESILIENT - LV CLICK","2026-07-09","SCHEDULED","2356.2","150","Northwood Haven","NWH 150 - LVT","9","SHAW INDUSTRIES - HEARDSVILLE PLUS; MOHAWK FACTORING LLC - POLY-MHS 100SF - UNDERLAYMENT - ROLL (STOCK 1/2/3/5/6/19); CLARK-FISHMAN FLOORING - JOHNSONITE 8' QUARTER ROUND 1/2"" (STOCK COLORS)"
"CG635733","ARBOR HOMES - INDIANAPOLIS","003","RESILIENT - LV CLICK","2026-07-10","SCHEDULED","4093.65","290","Maple Trails","MAP 290 - LVT","10","SHAW INDUSTRIES - HEARDSVILLE PLUS; MOHAWK FACTORING LLC - POLY-MHS 100SF - UNDERLAYMENT - ROLL (STOCK 1/2/3/5/6/19); CLARK-FISHMAN FLOORING - JOHNSONITE 8' QUARTER ROUND 1/2"" (STOCK COLORS)"
"CG635765","ARBOR HOMES - INDIANAPOLIS","003","RESILIENT - LV CLICK","","","6113.25","12","Somerset","SMS 12 - LVT","8","SHAW INDUSTRIES - HEARDSVILLE PLUS; MOHAWK FACTORING LLC - POLY-MHS 100SF - UNDERLAYMENT - ROLL (STOCK 1/2/3/5/6/19); CLARK-FISHMAN FLOORING - JOHNSONITE 8' QUARTER ROUND 1/2"" (STOCK COLORS)"
"CG636489","DAVID WEEKLEY HOMES","003","RESILIENT - LV CLICK","2026-07-23","SCHEDULED","9799.02","57","HARVEST TRAIL WESTFIELD","HTW 57 - LVT","10","SHAW INDUSTRIES - LEGATO HILLS HD PLUS; MOHAWK FACTORING LLC - POLY-MHS 100SF - UNDERLAYMENT - ROLL (STOCK 1/2/3/5/6/19); SHAW INDUSTRIES - BABY THRESHOLD"
"CG636517","D.R. HORTON INDIANA (INDIANA DIVISION)","003","RESILIENT - LV GLUE","2026-06-17","SCHEDULED","2554.74","530","RESERVE AT MILES FARM","RMF 530 MODEL - LVT GLUE","10","MOHAWK FACTORING LLC - ARRINGTON - VINYL TILE - 6  X 36 - 24 PER CASE (STOCK COLORS); ALL SURFACES - MAPEI ULTRABOND ECO 399 RESILIENT ADHESIVE 4 GALLON (STOCK 1/2/3/5/6); CLARK-FISHMAN FLOORING - JOHNSONITE 8' QUARTER ROUND 1/2"" (STOCK COLORS)"
"CG636815","TAYLOR MORRISON","003","RESILIENT - LV CLICK","2026-07-10","SCHEDULED","1593.5","1079","FINCH CREEK","FCR 1079 - LVT","10","SHAW INDUSTRIES - URBAN ORGANICS; MOHAWK FACTORING LLC - POLY-MHS 100SF - UNDERLAYMENT - ROLL (STOCK 1/2/3/5/6/19); SHAW INDUSTRIES - BABY THRESHOLD"
"CG636899","FISCHER HOMES OF INDIANAPOLIS","003","RESILIENT - LV CLICK","","","8204.25","16","Cove","COV 16 - LVT","8","SHAW INDUSTRIES - HAVENSTEAD; SHAW INDUSTRIES - FLUSH SN 6.5   7.4MM; SHAW INDUSTRIES - MULTI PR RD"
"CG637161","ARBOR HOMES - INDIANAPOLIS","003","RESILIENT - LV CLICK","","","4959.9","16","Bridle Oaks South","BRI 16 - LVT","8","SHAW INDUSTRIES - HEARDSVILLE PLUS; MOHAWK FACTORING LLC - POLY-MHS 100SF - UNDERLAYMENT - ROLL (STOCK 1/2/3/5/6/19); CLARK-FISHMAN FLOORING - JOHNSONITE 8' QUARTER ROUND 1/2"" (STOCK COLORS)"
"CG637195","ARBOR HOMES - INDIANAPOLIS","003","RESILIENT - LV CLICK","","","3484.8","42","Bridle Oaks South","BRI 42 - LVT","8","SHAW INDUSTRIES - HEARDSVILLE PLUS; MOHAWK FACTORING LLC - POLY-MHS 100SF - UNDERLAYMENT - ROLL (STOCK 1/2/3/5/6/19); CLARK-FISHMAN FLOORING - JOHNSONITE 8' QUARTER ROUND 1/2"" (STOCK COLORS)"
"CG637260","ARBOR HOMES - INDIANAPOLIS","003","RESILIENT - LV CLICK","","","4093.65","41","Bridle Oaks South","BRI 41 - LVT","8","SHAW INDUSTRIES - HEARDSVILLE PLUS; MOHAWK FACTORING LLC - POLY-MHS 100SF - UNDERLAYMENT - ROLL (STOCK 1/2/3/5/6/19); ALL SURFACES - ROPPE VINYL 190 TUB MOLDING 1 X 5 FT (STOCK COLOR)"
"CG637455","D.R. HORTON INDIANA (INDIANA DIVISION)","003","RESILIENT - LV GLUE","2026-07-17","SCHEDULED","2856.38","125","CENTRE PLACE","CP 125 - LVP GLUE","13","MOHAWK FACTORING LLC - ARRINGTON - VINYL TILE - 6  X 36 - 24 PER CASE (STOCK COLORS); PATRIOT TIMBER PRODUCTS - 5.2MM REVOLUTIONPLY 4'X8' LUAN (STOCK 1/2/3/5/6); ALL SURFACES - MAPEI ULTRABOND ECO 399 RESILIENT ADHESIVE 1 GALLON (STOCK 1/2/3/5/6)"
"CG637456","TAYLOR MORRISON","003","RESILIENT - LV CLICK","2026-07-09","SCHEDULED","1029.75","1073","FINCH CREEK","FCR 1073 - LVT","9","SHAW INDUSTRIES - URBAN ORGANICS; SHAW INDUSTRIES - BABY THRESHOLD W TRACK (STOCK COLOR); ALL SURFACES - ROPPE VINYL 190 TUB MOLDING 1 X 5 FT (STOCK COLOR)"
"CG637671","PULTE HOMES OF INDIANAP MS1050","003","RESILIENT - LV CLICK","2026-06-24","SCHEDULED","7880.24","167","HIGHLAND 40","HL40 167 - MODEL - LVT","10","SHAW INDUSTRIES - POLARIS PLUS; MOHAWK FACTORING LLC - POLY-MHS 100SF - UNDERLAYMENT - ROLL (STOCK 1/2/3/5/6/19); INDIANAPOLIS - LVP/LVT/WPC/SPC LABOR - FLOATING - EMPTY - INDIANAPOLIS - N"
"CG637676","D.R. HORTON INDIANA (INDIANA DIVISION)","003","RESILIENT - LV GLUE","2026-07-23","SCHEDULED","3298.91","687","HOMESTEAD HLE","HH 687 - LVP GLUE","12","MOHAWK FACTORING LLC - ARRINGTON - VINYL TILE - 6  X 36 - 24 PER CASE (STOCK COLORS); PATRIOT TIMBER PRODUCTS - 5.2MM REVOLUTIONPLY 4'X8' LUAN (STOCK 1/2/3/5/6); CLARK-FISHMAN FLOORING - JOHNSONITE 8' QUARTER ROUND 1/2"" (STOCK COLORS)"
"CG637819","FISCHER HOMES OF INDIANAPOLIS","003","RESILIENT - LV CLICK","","","3003.85","49","Cedar Ridge","CDR 49 - LVT","10","SHAW INDUSTRIES - FAMILY; SHAW INDUSTRIES - MULTI PR RD; SHAW INDUSTRIES - FAMILY"
"CG638142","PULTE HOMES OF INDIANAP MS1050","003","RESILIENT - LV CLICK","2026-07-07","SCHEDULED","2724.09","106","HIGHLAND 30","HL30 106 - LVT","10","SHAW INDUSTRIES - POLARIS PLUS - V3464 (STOCK COLORS); MOHAWK FACTORING LLC - POLY-MHS 100SF - UNDERLAYMENT - ROLL (STOCK 1/2/3/5/6/19); INDIANAPOLIS - LVP/LVT/WPC/SPC LABOR - FLOATING - EMPTY - INDIANAPOLIS - N"
"CG638168","PULTE HOMES OF INDIANAP MS1050","003","RESILIENT - LV CLICK","2026-07-02","SCHEDULED","4741.72","39","SANDSTONE LANDINGS","SAND 39 - LVT","10","SHAW INDUSTRIES - POLARIS PLUS - V2178; MOHAWK FACTORING LLC - POLY-MHS 100SF - UNDERLAYMENT - ROLL (STOCK 1/2/3/5/6/19); INDIANAPOLIS - LVP/LVT/WPC/SPC LABOR - FLOATING - EMPTY - INDIANAPOLIS - N"
"CG638245","PULTE HOMES OF INDIANAP MS1050","003","RESILIENT - LV CLICK","2026-07-08","SCHEDULED","3400.6","179","HIGHLANDS 30","HL30 179 - LVT","8","SHAW INDUSTRIES - CHESTERFIELD PLUS; MOHAWK FACTORING LLC - POLY-MHS 100SF - UNDERLAYMENT - ROLL (STOCK 1/2/3/5/6/19); INDIANAPOLIS - LVP/LVT/WPC/SPC LABOR - FLOATING - EMPTY - INDIANAPOLIS - N"
"CG638274","PULTE HOMES OF INDIANAP MS1050","003","RESILIENT - LV CLICK","2026-07-02","SCHEDULED","9556.95","161","TESCOTT","TRE 161 - LVT","10","SHAW INDUSTRIES - SALINAS RIVER; MOHAWK FACTORING LLC - POLY-MHS 100SF - UNDERLAYMENT - ROLL (STOCK 1/2/3/5/6/19); INDIANAPOLIS - LVP/LVT/WPC/SPC LABOR - FLOATING - EMPTY - INDIANAPOLIS - N"
"CG638323","ESTRIDGE HOMES","003","RESILIENT - LV CLICK","","","26286.64","R46","Chatham","CH R46 - LVT","10","SHAW INDUSTRIES - RESOLUTEHD NATURAL BEVEL; MOHAWK FACTORING LLC - POLY-MHS 100SF - UNDERLAYMENT - ROLL (STOCK 1/2/3/5/6/19); SHAW INDUSTRIES - FLUSH SN"
"CG638393","D.R. HORTON INDIANA (INDIANA DIVISION)","003","RESILIENT - LV GLUE","2026-07-15","SCHEDULED","3298.91","7","CENTRE PLACE","CP 7 - LVT GLUE","12","MOHAWK FACTORING LLC - ARRINGTON - VINYL TILE - 6  X 36 - 24 PER CASE (STOCK COLORS); PATRIOT TIMBER PRODUCTS - 5.2MM REVOLUTIONPLY 4'X8' LUAN (STOCK 1/2/3/5/6); ALL SURFACES - MAPEI ULTRABOND ECO 399 RESILIENT ADHESIVE 1 GALLON (STOCK 1/2/3/5/6)"
"CG638448","D.R. HORTON INDIANA (INDIANA DIVISION)","003","RESILIENT - LV GLUE","2026-07-14","SCHEDULED","2477.97","3","CENTRE PLACE","CP 3 - LVT GLUE","11","MOHAWK FACTORING LLC - ARRINGTON - VINYL TILE - 6  X 36 - 24 PER CASE (STOCK COLORS); ALL SURFACES - MAPEI ULTRABOND ECO 399 RESILIENT ADHESIVE 1 GALLON (STOCK 1/2/3/5/6); ALL SURFACES - MAPEI ULTRABOND ECO 399 RESILIENT ADHESIVE 4 GALLON (STOCK 1/2/3/5/6)"
"CG638456","PULTE HOMES OF INDIANAP MS1050","003","RESILIENT - LV CLICK","2026-07-02","SCHEDULED","8354.06","133","TRESCOTT","TRE 133 - LVT","11","SHAW INDUSTRIES - DWELL; MOHAWK FACTORING LLC - POLY-MHS 100SF - UNDERLAYMENT - ROLL (STOCK 1/2/3/5/6/19); INDIANAPOLIS - LVP/LVT/WPC/SPC LABOR - FLOATING - EMPTY - INDIANAPOLIS - N"
"CG638486","D.R. HORTON INDIANA (INDIANA DIVISION)","003","RESILIENT - LV GLUE","2026-07-22","SCHEDULED","2820.62","769","Homestead HLE","HH 769 - LVT GLUE","12","MOHAWK FACTORING LLC - ARRINGTON - VINYL TILE - 6  X 36 - 24 PER CASE (STOCK COLORS); ALL SURFACES - MAPEI ULTRABOND ECO 399 RESILIENT ADHESIVE 4 GALLON (STOCK 1/2/3/5/6); CLARK-FISHMAN FLOORING - JOHNSONITE 8' QUARTER ROUND 1/2"" (STOCK COLORS)"
"CG638574","ARBOR HOMES - INDIANAPOLIS","003","RESILIENT - LV CLICK","","","3762","13","Bridle Oaks South","BRI 13 - LVT","8","SHAW INDUSTRIES - POLARIS PLUS - V3464 (STOCK COLORS); MOHAWK FACTORING LLC - POLY-MHS 100SF - UNDERLAYMENT - ROLL (STOCK 1/2/3/5/6/19); CLARK-FISHMAN FLOORING - JOHNSONITE 8' QUARTER ROUND 1/2"" (STOCK COLORS)"
"CG638614","PULTE HOMES OF INDIANAP MS1050","003","RESILIENT - LV CLICK","2026-07-06","SCHEDULED","5979.45","107","TRESCOTT","TRE 107 - LVT","10","SHAW INDUSTRIES - POLARIS PLUS - V2178; MOHAWK FACTORING LLC - POLY-MHS 100SF - UNDERLAYMENT - ROLL (STOCK 1/2/3/5/6/19); INDIANAPOLIS - LVP/LVT/WPC/SPC LABOR - FLOATING - EMPTY - INDIANAPOLIS - N"
"CG638657","D.R. HORTON INDIANA (INDIANA DIVISION)","003","RESILIENT - LV GLUE","2026-07-17","SCHEDULED","4321.77","66","SUMMERFIELD","SD 66 - LVP GLUE","10","MOHAWK FACTORING LLC - ARRINGTON - VINYL TILE - 6  X 36 - 24 PER CASE (STOCK COLORS); CLARK-FISHMAN FLOORING - JOHNSONITE 8' QUARTER ROUND 1/2"" (STOCK COLORS); ALL SURFACES - MAPEI ULTRABOND ECO 399 RESILIENT ADHESIVE 4 GALLON (STOCK 1/2/3/5/6)"
"CG638689","TAYLOR HOMES - INDIANAPOLIS","003","RESILIENT - LV CLICK","","","8909.73","0315923","0315923","15923 - LVT","9","SHAW INDUSTRIES - SUPINO HD NATURAL BEVEL; SHAW INDUSTRIES - FLUSH SN; SHAW INDUSTRIES - MULTI PR RD"
"CG638694","D.R. HORTON INDIANA (INDIANA DIVISION)","003","RESILIENT - LV GLUE","2026-07-23","SCHEDULED","2554.74","679","HOMESTEAD HLE","HH 679 - LVT GLUE","10","MOHAWK FACTORING LLC - ARRINGTON - VINYL TILE - 6  X 36 - 24 PER CASE (STOCK COLORS); ALL SURFACES - MAPEI ULTRABOND ECO 399 RESILIENT ADHESIVE 4 GALLON (STOCK 1/2/3/5/6); CLARK-FISHMAN FLOORING - JOHNSONITE 8' QUARTER ROUND 1/2"" (STOCK COLORS)"
"CG638718","D.R. HORTON INDIANA (INDIANA DIVISION)","003","RESILIENT - LV GLUE","2026-07-23","SCHEDULED","3043.6","689","HOMESTEAD HLE","HH 689 - LVP GLUE","12","MOHAWK FACTORING LLC - ARRINGTON - VINYL TILE - 6  X 36 - 24 PER CASE (STOCK COLORS); CLARK-FISHMAN FLOORING - JOHNSONITE 8' QUARTER ROUND 1/2"" (STOCK COLORS); ALL SURFACES - MAPEI ULTRABOND ECO 399 RESILIENT ADHESIVE 4 GALLON (STOCK 1/2/3/5/6)"
"CG638806","D.R. HORTON INDIANA (INDIANA DIVISION)","003","RESILIENT - LV GLUE","2026-07-23","SCHEDULED","2477.97","99","SUMMEFIELD","SD 99 - LVT GLUE","10","MOHAWK FACTORING LLC - ARRINGTON - VINYL TILE - 6  X 36 - 24 PER CASE (STOCK COLORS); ALL SURFACES - MAPEI ULTRABOND ECO 399 RESILIENT ADHESIVE 4 GALLON (STOCK 1/2/3/5/6); CLARK-FISHMAN FLOORING - JOHNSONITE 8' QUARTER ROUND 1/2"" (STOCK COLORS)"
"CG638847","PULTE HOMES OF LOUISV MS 1050","005","RESILIENT - LV CLICK","2026-07-13","SCHEDULED","4842.78","115","AIKEN RIDGE TCG 4.5","KAR TCG 4.5 115 - LVT - CLICK","11","SHAW INDUSTRIES - CHESTERFIELD PLUS; MOHAWK FACTORING LLC - POLY-MHS 100SF - UNDERLAYMENT - ROLL (STOCK 1/2/3/5/6/19); SHAW INDUSTRIES - BABY THRESHOLD W TRACK (STOCK COLOR)"
"CG638858","D.R. HORTON INDIANA (INDIANA DIVISION)","003","RESILIENT - LV GLUE","2026-07-23","SCHEDULED","3043.6","682","HOMESTEAD HLE","HH 682 - LVP GLUE","12","MOHAWK FACTORING LLC - ARRINGTON - VINYL TILE - 6  X 36 - 24 PER CASE (STOCK COLORS); CLARK-FISHMAN FLOORING - JOHNSONITE 8' QUARTER ROUND 1/2"" (STOCK COLORS); ALL SURFACES - MAPEI ULTRABOND ECO 399 RESILIENT ADHESIVE 4 GALLON (STOCK 1/2/3/5/6)"
"CG638901","D.R. HORTON INDIANA (INDIANA DIVISION)","003","RESILIENT - LV GLUE","2026-07-16","SCHEDULED","3043.6","14","CENTRE PLACE","CP 14 - LVT GLUE","12","MOHAWK FACTORING LLC - ARRINGTON - VINYL TILE - 6  X 36 - 24 PER CASE (STOCK COLORS); PATRIOT TIMBER PRODUCTS - 5.2MM REVOLUTIONPLY 4'X8' LUAN (STOCK 1/2/3/5/6); ALL SURFACES - MAPEI ULTRABOND ECO 399 RESILIENT ADHESIVE 1 GALLON (STOCK 1/2/3/5/6)"
"CG638905","PULTE HOMES OF LOUISV MS 1050","005","RESILIENT - LV CLICK","2026-07-08","SCHEDULED","3982.62","96","AIKEN RIDGE TCG 4","KAR TCG 4 96 - LVT - CLICK","10","SHAW INDUSTRIES - CHESTERFIELD PLUS; SHAW INDUSTRIES - BABY THRESHOLD W TRACK (STOCK COLOR); SHAW INDUSTRIES - FLSN4.5W4.5 5.4"
"CG638943","D.R. HORTON INDIANA (INDIANA DIVISION)","003","RESILIENT - LV GLUE","2026-07-23","SCHEDULED","2277.98","691","HOMESTEAD HLE","HH 691 - LVP GLUE","10","MOHAWK FACTORING LLC - ARRINGTON - VINYL TILE - 6  X 36 - 24 PER CASE (STOCK COLORS); CLARK-FISHMAN FLOORING - JOHNSONITE 8' QUARTER ROUND 1/2"" (STOCK COLORS); ALL SURFACES - MAPEI ULTRABOND ECO 399 RESILIENT ADHESIVE 4 GALLON (STOCK 1/2/3/5/6)"
"CG638969","D.R. HORTON INDIANA (INDIANA DIVISION)","003","RESILIENT - LV GLUE","2026-07-23","SCHEDULED","1679.51","764","HOMESTEAD HLE","HH 764 - LVT GLUE","10","MOHAWK FACTORING LLC - ARRINGTON - VINYL TILE - 6  X 36 - 24 PER CASE (STOCK COLORS); CLARK-FISHMAN FLOORING - JOHNSONITE 8' QUARTER ROUND 1/2"" (STOCK COLORS); ALL SURFACES - MAPEI ULTRABOND ECO 399 RESILIENT ADHESIVE 4 GALLON (STOCK 1/2/3/5/6)"
"CG639023","ARBOR HOMES - INDIANAPOLIS","003","RESILIENT - LV CLICK","","","5049","56","Isabelle Farms","IBF 56 - LVT","8","SHAW INDUSTRIES - HEARDSVILLE PLUS; MOHAWK FACTORING LLC - POLY-MHS 100SF - UNDERLAYMENT - ROLL (STOCK 1/2/3/5/6/19); ALL SURFACES - ROPPE VINYL 190 TUB MOLDING 1 X 5 FT (STOCK COLOR)"
"CG639079","PULTE HOMES OF INDIANAP MS1050","003","RESILIENT - LV CLICK","2026-07-07","SCHEDULED","6515.66","4","RIVENDELL","RVND 4 - LVT","10","SHAW INDUSTRIES - HEARTH; MOHAWK FACTORING LLC - POLY-MHS 100SF - UNDERLAYMENT - ROLL (STOCK 1/2/3/5/6/19); INDIANAPOLIS - LVP/LVT/WPC/SPC LABOR - FLOATING - EMPTY - INDIANAPOLIS - N"
"CG639127","ARBOR HOMES - INDIANAPOLIS","003","RESILIENT - LV CLICK","","","4816.35","72","Isabelle Farms","IBF 72 - LVT","8","SHAW INDUSTRIES - HEARDSVILLE PLUS; MOHAWK FACTORING LLC - POLY-MHS 100SF - UNDERLAYMENT - ROLL (STOCK 1/2/3/5/6/19); ALL SURFACES - ROPPE VINYL 190 TUB MOLDING 1 X 5 FT (STOCK COLOR)"
"CG639159","PULTE HOMES OF INDIANAP MS1050","003","RESILIENT - LV CLICK","2026-07-07","SCHEDULED","5430.64","197","BRIDLE OAKS","BRO 197 - LVT CLICK","10","SHAW INDUSTRIES - CHESTERFIELD PLUS; MOHAWK FACTORING LLC - POLY-MHS 100SF - UNDERLAYMENT - ROLL (STOCK 1/2/3/5/6/19); INDIANAPOLIS - LVP/LVT/WPC/SPC LABOR - FLOATING - EMPTY - INDIANAPOLIS - N"
"CG639286","D.R. HORTON INDIANA (INDIANA DIVISION)","003","RESILIENT - LV GLUE","2026-07-17","SCHEDULED","2856.38","70","SUMMERFIELD","SD 70 - LVT GLUE","12","MOHAWK FACTORING LLC - ARRINGTON - VINYL TILE - 6  X 36 - 24 PER CASE (STOCK COLORS); ALL SURFACES - MAPEI ULTRABOND ECO 399 RESILIENT ADHESIVE 1 GALLON (STOCK 1/2/3/5/6); PATRIOT TIMBER PRODUCTS - 5.2MM REVOLUTIONPLY 4'X8' LUAN (STOCK 1/2/3/5/6)"
"CG639341","D.R. HORTON INDIANA (INDIANA DIVISION)","003","RESILIENT - LV GLUE","2026-07-23","SCHEDULED","2820.62","681","HOMESTEAD HLE","HH 681 - LVT GLUE","10","MOHAWK FACTORING LLC - ARRINGTON - VINYL TILE - 6  X 36 - 24 PER CASE (STOCK COLORS); ALL SURFACES - MAPEI ULTRABOND ECO 399 RESILIENT ADHESIVE 4 GALLON (STOCK 1/2/3/5/6); CLARK-FISHMAN FLOORING - JOHNSONITE 8' QUARTER ROUND 1/2"" (STOCK COLORS)"
"CG639375","ARBOR HOMES - INDIANAPOLIS","003","RESILIENT - LV CLICK","","","6915.15","103","Isabelle Farms","IBF 103 - LVT","9","SHAW INDUSTRIES - HEARDSVILLE PLUS; MOHAWK FACTORING LLC - POLY-MHS 100SF - UNDERLAYMENT - ROLL (STOCK 1/2/3/5/6/19); SHAW INDUSTRIES - T MOLD 3.4 6.6MM"
"CG639385","D.R. HORTON INDIANA (INDIANA DIVISION)","003","RESILIENT - LV GLUE","2026-07-16","SCHEDULED","3043.6","122","CENTRE PLACE","CP 122 - LVT GLUE","11","MOHAWK FACTORING LLC - ARRINGTON - VINYL TILE - 6  X 36 - 24 PER CASE (STOCK COLORS); PATRIOT TIMBER PRODUCTS - 5.2MM REVOLUTIONPLY 4'X8' LUAN (STOCK 1/2/3/5/6); ALL SURFACES - MAPEI ULTRABOND ECO 399 RESILIENT ADHESIVE 1 GALLON (STOCK 1/2/3/5/6)"
"CG639411","D.R. HORTON INDIANA (INDIANA DIVISION)","003","RESILIENT - LV GLUE","2026-07-23","SCHEDULED","3298.91","678","HOMESTEAD HLE","HH 678 - LVT GLUE","12","MOHAWK FACTORING LLC - ARRINGTON - VINYL TILE - 6  X 36 - 24 PER CASE (STOCK COLORS); PATRIOT TIMBER PRODUCTS - 5.2MM REVOLUTIONPLY 4'X8' LUAN (STOCK 1/2/3/5/6); CLARK-FISHMAN FLOORING - JOHNSONITE 8' QUARTER ROUND 1/2"" (STOCK COLORS)"
"CG639420","ARBOR HOMES - INDIANAPOLIS","003","RESILIENT - LV CLICK","","","3999.6","85","Isabelle Farms","IBF 85 - LVT","9","SHAW INDUSTRIES - HEARDSVILLE PLUS; MOHAWK FACTORING LLC - POLY-MHS 100SF - UNDERLAYMENT - ROLL (STOCK 1/2/3/5/6/19); ALL SURFACES - ROPPE VINYL 190 TUB MOLDING 1 X 5 FT (STOCK COLOR)"
"CG639454","PULTE HOMES OF INDIANAP MS1050","003","RESILIENT - LV CLICK","2026-07-07","SCHEDULED","5430.64","189","BRIDLE OAKS","BRO 189 - LVT","10","SHAW INDUSTRIES - CHESTERFIELD PLUS; MOHAWK FACTORING LLC - POLY-MHS 100SF - UNDERLAYMENT - ROLL (STOCK 1/2/3/5/6/19); INDIANAPOLIS - LVP/LVT/WPC/SPC LABOR - FLOATING - EMPTY - INDIANAPOLIS - N"
"CG639463","ARBOR HOMES - INDIANAPOLIS","003","RESILIENT - LV CLICK","","","4400.55","15","Bridle Oaks South","BRI 15 - LVT","7","SHAW INDUSTRIES - HEARDSVILLE PLUS; MOHAWK FACTORING LLC - POLY-MHS 100SF - UNDERLAYMENT - ROLL (STOCK 1/2/3/5/6/19); CLARK-FISHMAN FLOORING - JOHNSONITE 8' QUARTER ROUND 1/2"" (STOCK COLORS)"
"CG639558","DAVID WEEKLEY HOMES","003","RESILIENT - LV CLICK","","","6823.56","94","Grantham at Fishers","GRF 94 - LVT","7","SHAW INDUSTRIES - LEGATO HILLS HD PLUS; SHAW INDUSTRIES - BABY THRESHOLD; SHAW INDUSTRIES - FLSN 8MM"
"CG639710","D.R. HORTON INDIANA (INDIANA DIVISION)","003","RESILIENT - LV GLUE","2026-07-23","SCHEDULED","2856.38","76","SUMMERFIELD","SD 76 - LVT GLUE","13","MOHAWK FACTORING LLC - ARRINGTON - VINYL TILE - 6  X 36 - 24 PER CASE (STOCK COLORS); PATRIOT TIMBER PRODUCTS - 5.2MM REVOLUTIONPLY 4'X8' LUAN (STOCK 1/2/3/5/6); ALL SURFACES - MAPEI ULTRABOND ECO 399 RESILIENT ADHESIVE 1 GALLON (STOCK 1/2/3/5/6)"
"CG639897","D.R. HORTON INDIANA (INDIANA DIVISION)","003","RESILIENT - LV GLUE","2026-07-24","SCHEDULED","2477.97","677","HOMESTEAD","HS 677 - LVT GLUE","10","MOHAWK FACTORING LLC - ARRINGTON - VINYL TILE - 6  X 36 - 24 PER CASE (STOCK COLORS); ALL SURFACES - MAPEI ULTRABOND ECO 399 RESILIENT ADHESIVE 4 GALLON (STOCK 1/2/3/5/6); CLARK-FISHMAN FLOORING - JOHNSONITE 8' QUARTER ROUND 1/2"" (STOCK COLORS)"
"CG639946","PULTE HOMES OF LOUISV MS 1050","005","RESILIENT - LV CLICK","2026-07-30","SCHEDULED","3827.76","114","AIKEN RIDGE TCG 4.5","KAR TCG 4.5 114 - LVT","11","SHAW INDUSTRIES - REDUCER 3.4 6.6MM; SHAW INDUSTRIES - CHESTERFIELD PLUS; MOHAWK FACTORING LLC - POLY-MHS 100SF - UNDERLAYMENT - ROLL (STOCK 1/2/3/5/6/19)"
"CG639966","PULTE HOMES OF INDIANAP MS1050","003","RESILIENT - LV CLICK","2026-07-20","SCHEDULED","3916.49","31","HIGHLANDS TCG 4 - 30'","HL30 31 - LVT","9","SHAW INDUSTRIES - CHESTERFIELD PLUS; MOHAWK FACTORING LLC - POLY-MHS 100SF - UNDERLAYMENT - ROLL (STOCK 1/2/3/5/6/19); INDIANAPOLIS - LVP/LVT/WPC/SPC LABOR - FLOATING - EMPTY - INDIANAPOLIS - N"
"CG640247","PULTE HOMES OF INDIANAP MS1050","003","RESILIENT - LV CLICK","","","3340.77","182","HIGHLANDS TCG 4 - 30'","HL30 182 - LVT","7","SHAW INDUSTRIES - CHESTERFIELD PLUS; MOHAWK FACTORING LLC - POLY-MHS 100SF - UNDERLAYMENT - ROLL (STOCK 1/2/3/5/6/19); INDIANAPOLIS - LVP/LVT/WPC/SPC LABOR - FLOATING - EMPTY - INDIANAPOLIS - N"
"CG640641","D.R. HORTON INDIANA (INDIANA DIVISION)","003","RESILIENT - LV GLUE","","","2856.38","730","HOMESTEAD HLE","HH 730 - LVT GLUE","10","MOHAWK FACTORING LLC - ARRINGTON - VINYL TILE - 6  X 36 - 24 PER CASE (STOCK COLORS); PATRIOT TIMBER PRODUCTS - 5.2MM REVOLUTIONPLY 4'X8' LUAN (STOCK 1/2/3/5/6); ALL SURFACES - MAPEI ULTRABOND ECO 399 RESILIENT ADHESIVE 1 GALLON (STOCK 1/2/3/5/6)"
"CG640693","PULTE HOMES OF INDIANAP MS1050","003","RESILIENT - LV CLICK","","","6319.33","36","RIVENDELL","RVND 36 - LVT","9","SHAW INDUSTRIES - DWELL; MOHAWK FACTORING LLC - POLY-MHS 100SF - UNDERLAYMENT - ROLL (STOCK 1/2/3/5/6/19); INDIANAPOLIS - LVP/LVT/WPC/SPC LABOR - FLOATING - EMPTY - INDIANAPOLIS - N"
"CG640699","ARBOR HOMES - INDIANAPOLIS","003","RESILIENT - LV CLICK","","","4816.35","34","Highland Springs","HLS 34 - LVT","8","SHAW INDUSTRIES - HEARDSVILLE PLUS; MOHAWK FACTORING LLC - POLY-MHS 100SF - UNDERLAYMENT - ROLL (STOCK 1/2/3/5/6/19); ALL SURFACES - ROPPE VINYL 190 TUB MOLDING 1 X 5 FT (STOCK COLOR)"
"CG640738","ARBOR HOMES - INDIANAPOLIS","003","RESILIENT - LV CLICK","","","6571.2","7","Bridle Oaks South","BRI 7 - LVT","8","SHAW INDUSTRIES - GALBERRY; MOHAWK FACTORING LLC - POLY-MHS 100SF - UNDERLAYMENT - ROLL (STOCK 1/2/3/5/6/19); CLARK-FISHMAN FLOORING - JOHNSONITE 8' QUARTER ROUND 1/2"" (STOCK COLORS)"
"CG640749","ARBOR HOMES - INDIANAPOLIS","003","RESILIENT - LV CLICK","","","3237.3","14","Bridle Oaks South","BRI 14 - LVT","7","SHAW INDUSTRIES - HEARDSVILLE PLUS; MOHAWK FACTORING LLC - POLY-MHS 100SF - UNDERLAYMENT - ROLL (STOCK 1/2/3/5/6/19); ALL SURFACES - ROPPE VINYL 190 TUB MOLDING 1 X 5 FT (STOCK COLOR)"
"CG640768","D.R. HORTON INDIANA (INDIANA DIVISION)","003","RESILIENT - LV CLICK","","","3363.12","168","Fields at New Bethel","FNB 168 - LAM","9","MOHAWK FACTORING LLC - ARDEN CLIFFS 7.49"" X 47.28"" LP (STOCK COLOR); SHAW INDUSTRIES - 2 IN 1 PRO 200 LAMINATE PAD (STOCK 1/2/3/5); MOHAWK FACTORING LLC - INSTAFORM PROFILE 215 CM / 84.65 IN MD"
"CG640789","D.R. HORTON INDIANA (INDIANA DIVISION)","003","RESILIENT - LV GLUE","","","2477.97","683","Homestead HLE","HH 683 - LVT GLUE","8","MOHAWK FACTORING LLC - ARRINGTON - VINYL TILE - 6  X 36 - 24 PER CASE (STOCK COLORS); ALL SURFACES - MAPEI ULTRABOND ECO 399 RESILIENT ADHESIVE 1 GALLON (STOCK 1/2/3/5/6); CLARK-FISHMAN FLOORING - JOHNSONITE 8' QUARTER ROUND 1/2"" (STOCK COLORS)"
"CG640896","ARBOR HOMES - INDIANAPOLIS","003","RESILIENT - LV CLICK","","","2366.1","40","Bridle Oaks South","BRI 40 - LVT","8","SHAW INDUSTRIES - HEARDSVILLE PLUS; MOHAWK FACTORING LLC - POLY-MHS 100SF - UNDERLAYMENT - ROLL (STOCK 1/2/3/5/6/19); ALL SURFACES - ROPPE VINYL 190 TUB MOLDING 1 X 5 FT (STOCK COLOR)"
"CG640944","PULTE HOMES OF INDIANAP MS1050","003","RESILIENT - LV CLICK","","","2698.92","186","HIGHLANDS TCG 4 - 30'","HL30 186 - LVT","7","SHAW INDUSTRIES - CHESTERFIELD PLUS; MOHAWK FACTORING LLC - POLY-MHS 100SF - UNDERLAYMENT - ROLL (STOCK 1/2/3/5/6/19); INDIANAPOLIS - LVP/LVT/WPC/SPC LABOR - FLOATING - EMPTY - INDIANAPOLIS - N"
"CG641073","ARBOR HOMES - INDIANAPOLIS","003","RESILIENT - LV CLICK","","","4281.75","134","Northwood Haven","NWH 134 - LVT","8","SHAW INDUSTRIES - HEARDSVILLE PLUS; MOHAWK FACTORING LLC - POLY-MHS 100SF - UNDERLAYMENT - ROLL (STOCK 1/2/3/5/6/19); ALL SURFACES - ROPPE VINYL 190 TUB MOLDING 1 X 5 FT (STOCK COLOR)"
"CG641207","PULTE HOMES OF INDIANAP MS1050","003","RESILIENT - LV CLICK","2026-07-23","SCHEDULED","3163.78","185","HIGHLANDS TCG 4 30","HL30 185 - LVT","9","SHAW INDUSTRIES - CHESTERFIELD PLUS; MOHAWK FACTORING LLC - POLY-MHS 100SF - UNDERLAYMENT - ROLL (STOCK 1/2/3/5/6/19); INDIANAPOLIS - LVP/LVT/WPC/SPC LABOR - FLOATING - EMPTY - INDIANAPOLIS - N"
"CG641212","GARY HOLLOWELL CONSTRUCTION","005","RESILIENT - LV GLUE","","","3204.5","279","KIMSEY","KIMSEY-LVT","9","MOHAWK FACTORING LLC - WHITMORE TERRACE 2.5 7.25"" X 48"" VT; CLARK-FISHMAN FLOORING - JOHNS TUB MOLDING 1 1/2""X5' (STOCK 1/2/5/6); MOHAWK FACTORING LLC - 3N1 VINYL ADHESIVE 4GALLON GL"
"CG641257","PULTE HOMES OF INDIANAP MS1050","003","RESILIENT - LV CLICK","2026-07-20","SCHEDULED","6495.31","172","TRESCOTT","TRE 172 - LVT","10","SHAW INDUSTRIES - CHESTERFIELD PLUS; MOHAWK FACTORING LLC - POLY-MHS 100SF - UNDERLAYMENT - ROLL (STOCK 1/2/3/5/6/19); INDIANAPOLIS - LVP/LVT/WPC/SPC LABOR - FLOATING - EMPTY - INDIANAPOLIS - N"
"FN553421","UNBRIDLED HOMES","005","RESILIENT - LV CLICK","","","0","","","ROMAN-LVT","","LOUISVILLE - LVP/LVT/WPC/SPC - FINISH UP WORK - DESCRIPTION IN LINE NOTE - LOUISVILLE - N"
"FN603590","SWEENEY CONSTRUCTION, LLC","005","RESILIENT - LV CLICK","","","0","","POWERS RESIDENCE","POWERS RESIDENCE - LVT","4","LEGENDARY FLOORS - CONNISTON 7""X48"" 20MIL; MOHAWK FACTORING LLC - POLY-MHS 100SF - UNDERLAYMENT - ROLL (STOCK 1/2/3/5/6/19); LOUISVILLE - LVP/LVT/WPC/SPC LABOR - FLOATING - EMPTY - LOUISVILLE - N"
"FN604421","DAVID WEEKLEY HOMES","003","RESILIENT - LV CLICK","","","0","","","HTW 221 - LVT - FINISH UP","","INDIANAPOLIS - TRIP CHARGE - IN TOWN - INDIANAPOLIS - N"
"FN615172","PULTE HOMES OF LOUISV MS 1050","005","RESILIENT - LV CLICK","","","195","","","KCS TCG 4 95 - LVT","","LOUISVILLE - LVP/LVT/WPC/SPC LABOR - MINIMUM - PER JOB - LOUISVILLE - N"
"FN617467","SUPERIOR BUILDERS","005","RESILIENT - LV CLICK","","","0","61","GLENMARY ESTATES","GE 61 - LVT","","LOUISVILLE - LVP/LVT/WPC/SPC - FINISH UP WORK - DESCRIPTION IN LINE NOTE - LOUISVILLE - N"
"FN620316","DAVID WEEKLEY HOMES","003","RESILIENT - LV CLICK","2026-06-09","FINISH UP","0","","","HTW 51 - LVT FINISH UP","","INDIANAPOLIS - TRIP CHARGE - IN TOWN - INDIANAPOLIS - N"
"FN620877","PULTE HOMES OF LOUISV MS 1050","005","RESILIENT - LV CLICK","","","0","","","KAR TCG 4 93 - LVT F/U","","LOUISVILLE - LVP/LVT/WPC/SPC - FINISH UP WORK - DESCRIPTION IN LINE NOTE - LOUISVILLE - N"
"FN622420","REDSMITH CONSTRUCTION, LLC","005","RESILIENT - LV CLICK","2026-06-04","SCHEDULED","0","7905","BRISCOE WOODS","WANTLAND-LVT","3","LEGENDARY FLOORS - CONNISTON 3N1 MULTIPURPOSE REDUCER 94""; LOUISVILLE - LVP/LVT/WPC/SPC - FINISH UP WORK - DESCRIPTION IN LINE NOTE - LOUISVILLE - N; LEGENDARY FLOORS - CONNISTON 3N1 MULTIPURPOSE REDUCER 94"""
"FN632990","THE RH GROUP LTD","003","RESILIENT - LV CLICK","","","0","","","JONES - LVT - F/U","2","DIXIE HOME RETAIL - CGT TILE 12X24; INDIANAPOLIS - TRIP CHARGE - IN TOWN - INDIANAPOLIS - N"
