Builder,Order #,Job #,Lot,Tract,Store,Job Type,Install Date,Status,Revenue,Transitions Found
"PULTE HOMES OF INDIANAP MS1050","CG640247","HL30 182 - LVT","182","HIGHLANDS TCG 4 - 30'","003","RESILIENT - LV CLICK","","","3340.77",""
"PULTE HOMES OF INDIANAP MS1050","CG640944","HL30 186 - LVT","186","HIGHLANDS TCG 4 - 30'","003","RESILIENT - LV CLICK","","","2698.92",""
"PULTE HOMES OF INDIANAP MS1050","CG640693","RVND 36 - LVT","36","RIVENDELL","003","RESILIENT - LV CLICK","","","6319.33",""
"PULTE HOMES OF INDIANAP MS1050","CG640446","TRE 106 - LVT","106","TRESCOTT","003","RESILIENT - LV CLICK","","","5254.78",""
"PULTE HOMES OF INDIANAP MS1050","CG641059","TUN 602 - LVT","602","TOWNS AT UNION","003","RESILIENT - LV CLICK","","","5491.85",""
"PULTE HOMES OF INDIANAP MS1050","604130C1","RVP 62 - LVT","","","003","RESILIENT - LV CLICK","","","-143.85",""
"PULTE HOMES OF INDIANAP MS1050","CG627399","HL30 22 - LVT","22","Highlands TCG 4 - 30'","003","RESILIENT - LV CLICK","2026-06-08","SCHEDULED","2848.57",""
"PULTE HOMES OF INDIANAP MS1050","CG627508","SAND 61 - LVT","61","SANDSTONE LANDINGS","003","RESILIENT - LV CLICK","2026-06-10","SCHEDULED","4714.49",""
"PULTE HOMES OF INDIANAP MS1050","CG629963","PROC 6 - MODEL - LVT","6","Promenade Crossings","003","RESILIENT - LV CLICK","2026-06-11","SCHEDULED","6441.84",""
"PULTE HOMES OF INDIANAP MS1050","CG632536","HL30 24 - LVT","24","HIGHLANDS TCG","003","RESILIENT - LV CLICK","2026-06-12","SCHEDULED","3340.77",""
"PULTE HOMES OF INDIANAP MS1050","CG631477","TRE 115 - LVT","115","Trescott","003","RESILIENT - LV CLICK","2026-06-12","SCHEDULED","5857.84",""
"PULTE HOMES OF INDIANAP MS1050","CG630680","RVND 24 - LVP","24","RIVENDELL","003","RESILIENT - LV CLICK","2026-06-12","SCHEDULED","8659.11",""
"PULTE HOMES OF INDIANAP MS1050","CG632935","RVND 15 - LVT","15","Rivendell (Canak)","003","RESILIENT - LV CLICK","2026-06-12","FOLLOW UP","7130.37",""
"PULTE HOMES OF INDIANAP MS1050","CG632872","BRO 196 - LVT","196","Bridle Oaks","003","RESILIENT - LV CLICK","2026-06-15","SCHEDULED","5430.64",""
"PULTE HOMES OF INDIANAP MS1050","CG630032","HL30 21 - LVP","21","HIGHLAND TCG 4-30'","003","RESILIENT - LV CLICK","2026-06-16","SCHEDULED","2698.92",""
"PULTE HOMES OF INDIANAP MS1050","CG630648","HL30 147 - LVT","147","HIGHLANDS TCG 4 - 30'","003","RESILIENT - LV CLICK","2026-06-16","SCHEDULED","2848.57",""
"PULTE HOMES OF INDIANAP MS1050","CG633037","PROC 111 - LVT","111","Promenade Crossings 5-48'","003","RESILIENT - LV CLICK","2026-06-16","SCHEDULED","7255.43",""
"PULTE HOMES OF INDIANAP MS1050","CG631709","HL30 108 - LVT","108","Highlands","003","RESILIENT - LV CLICK","2026-06-18","SCHEDULED","3552.31",""
"PULTE HOMES OF INDIANAP MS1050","CG633000","BRO 195 - LVT","195","Bridle Oaks","003","RESILIENT - LV CLICK","2026-06-18","SCHEDULED","5430.64",""
"PULTE HOMES OF INDIANAP MS1050","CG632954","HL30 145 - LVT","145","Highlands TCG 4","003","RESILIENT - LV CLICK","2026-06-22","SCHEDULED","3400.60",""
"PULTE HOMES OF INDIANAP MS1050","CG637671","HL40 167 - MODEL - LVT","167","HIGHLAND 40","003","RESILIENT - LV CLICK","2026-06-24","SCHEDULED","7880.24",""
"PULTE HOMES OF INDIANAP MS1050","CG632988","SAND 15 - LVT","15","Sandstone Landings","003","RESILIENT - LV CLICK","2026-06-26","SCHEDULED","4782.02",""
"PULTE HOMES OF INDIANAP MS1050","CG635468","BRO 162 - LVT","162","Bridle Oaks","003","RESILIENT - LV CLICK","2026-06-29","SCHEDULED","5430.64",""
"PULTE HOMES OF INDIANAP MS1050","CG638168","SAND 39 - LVT","39","SANDSTONE LANDINGS","003","RESILIENT - LV CLICK","2026-07-02","SCHEDULED","4741.72",""
"PULTE HOMES OF INDIANAP MS1050","CG638274","TRE 161 - LVT","161","TESCOTT","003","RESILIENT - LV CLICK","2026-07-02","SCHEDULED","9556.95",""
"PULTE HOMES OF INDIANAP MS1050","CG638456","TRE 133 - LVT","133","TRESCOTT","003","RESILIENT - LV CLICK","2026-07-02","SCHEDULED","8354.06",""
"PULTE HOMES OF INDIANAP MS1050","CG635487","BRO 192 - LVT","192","Bridle Oaks","003","RESILIENT - LV CLICK","2026-07-02","SCHEDULED","4943.41",""
"PULTE HOMES OF INDIANAP MS1050","CG639653","SAND 62 - LVT","62","SANDSTONE LANDINGS","003","RESILIENT - LV CLICK","2026-07-06","SCHEDULED","4502.37",""
"PULTE HOMES OF INDIANAP MS1050","CG638614","TRE 107 - LVT","107","TRESCOTT","003","RESILIENT - LV CLICK","2026-07-06","SCHEDULED","5979.45",""
"PULTE HOMES OF INDIANAP MS1050","CG639542","BRO 169 - LVT","169","BRIDLE OAKS","003","RESILIENT - LV CLICK","2026-07-06","SCHEDULED","5430.64",""
"PULTE HOMES OF INDIANAP MS1050","CG635536","SAND 14 - LVT","14","Sandstone Landings","003","RESILIENT - LV CLICK","2026-07-07","SCHEDULED","4502.37",""
"PULTE HOMES OF INDIANAP MS1050","CG638142","HL30 106 - LVT","106","HIGHLAND 30","003","RESILIENT - LV CLICK","2026-07-07","SCHEDULED","2724.09",""
"PULTE HOMES OF INDIANAP MS1050","CG639079","RVND 4 - LVT","4","RIVENDELL","003","RESILIENT - LV CLICK","2026-07-07","SCHEDULED","6515.66",""
"PULTE HOMES OF INDIANAP MS1050","CG639159","BRO 197 - LVT CLICK","197","BRIDLE OAKS","003","RESILIENT - LV CLICK","2026-07-07","SCHEDULED","5430.64",""
"PULTE HOMES OF INDIANAP MS1050","CG639454","BRO 189 - LVT","189","BRIDLE OAKS","003","RESILIENT - LV CLICK","2026-07-07","SCHEDULED","5430.64",""
"PULTE HOMES OF INDIANAP MS1050","CG638245","HL30 179 - LVT","179","HIGHLANDS 30","003","RESILIENT - LV CLICK","2026-07-08","SCHEDULED","3400.60",""
"PULTE HOMES OF INDIANAP MS1050","CG635428","HL30 181 - LVT","181","Highlands TCG 4 - 30","003","RESILIENT - LV CLICK","2026-07-09","SCHEDULED","3916.49",""
"PULTE HOMES OF INDIANAP MS1050","CG635410","HL30 19 - LVT","19","HIGHLAND TCG 4-30'","003","RESILIENT - LV CLICK","2026-07-09","SCHEDULED","3163.78",""
"PULTE HOMES OF INDIANAP MS1050","CG640023","SAND 60 - LVT","60","SANDSTONE LANDINGS","003","RESILIENT - LV CLICK","2026-07-17","SCHEDULED","4517.93",""
"PULTE HOMES OF INDIANAP MS1050","CG639966","HL30 31 - LVT","31","HIGHLANDS TCG 4 - 30'","003","RESILIENT - LV CLICK","2026-07-20","SCHEDULED","3916.49",""
"PULTE HOMES OF INDIANAP MS1050","CG640306","TUN 601 - LVT","601","TOWNS AT UNION","003","RESILIENT - LV CLICK","2026-07-20","SCHEDULED","5487.96",""
"PULTE HOMES OF INDIANAP MS1050","CG641257","TRE 172 - LVT","172","TRESCOTT","003","RESILIENT - LV CLICK","2026-07-20","SCHEDULED","6495.31",""
"PULTE HOMES OF INDIANAP MS1050","CG640329","TUN 603 - LVT","603","TOWNS AT UNION","003","RESILIENT - LV CLICK","2026-07-21","SCHEDULED","5487.96",""
"PULTE HOMES OF INDIANAP MS1050","CG640386","TUN 604 - LVT","604","TOWNS AT UNION","003","RESILIENT - LV CLICK","2026-07-21","SCHEDULED","5491.85",""
"PULTE HOMES OF INDIANAP MS1050","CG641207","HL30 185 - LVT","185","HIGHLANDS TCG 4 30","003","RESILIENT - LV CLICK","2026-07-23","SCHEDULED","3163.78",""
"PULTE HOMES OF INDIANAP MS1050","CG639880","RW3 43 - LVT","43","RIVERWEST 3 STORY 20'","003","RESILIENT - LV CLICK","2026-07-27","SCHEDULED","4140.75",""
"FISCHER HOMES OF INDIANAPOLIS","CG635813","COV 110 - LVT","110","Cove","003","RESILIENT - LV CLICK","","","9016.41",""
"FISCHER HOMES OF INDIANAPOLIS","CG630444","EMP 10 - LVT","10","Emerald Preserve","003","RESILIENT - LV CLICK","","","3561.57",""
"FISCHER HOMES OF INDIANAPOLIS","CG637819","CDR 49 - LVT","49","Cedar Ridge","003","RESILIENT - LV CLICK","","","3003.85",""
"FISCHER HOMES OF INDIANAPOLIS","CG641233","COV 77 - LVT","77","Cove","003","RESILIENT - LV CLICK","","","5919.36",""
"FISCHER HOMES OF INDIANAPOLIS","CG631394","EMP 16 - LVT","16","Emerald Preserve","003","RESILIENT - LV CLICK","","","5192.41",""
"FISCHER HOMES OF INDIANAPOLIS","CG625364","CTH 711 - LVT","711","Chatham Hills","003","RESILIENT - LV CLICK","","","1116.80",""
"FISCHER HOMES OF INDIANAPOLIS","CG638078","COV 91 - LVT","91","COVE","003","RESILIENT - LV CLICK","","","6252.35",""
"FISCHER HOMES OF INDIANAPOLIS","CG633381","PRS 122 - LVT","122","Parkrose","003","RESILIENT - LV CLICK","","","5648.62",""
"FISCHER HOMES OF INDIANAPOLIS","CG639087","PRS 32 - LVT","32","Parkrose","003","RESILIENT - LV CLICK","","","8092.11",""
"FISCHER HOMES OF INDIANAPOLIS","CG636899","COV 16 - LVT","16","Cove","003","RESILIENT - LV CLICK","","","8204.25",""
"FISCHER HOMES OF INDIANAPOLIS","CG635526","EMP 17 - LVT","17","Emerald Preserve","003","RESILIENT - LV CLICK","","","5708.31",""
"FISCHER HOMES OF INDIANAPOLIS","CG638104","PRS 67 - LVT","67","Parkrose","003","RESILIENT - LV CLICK","","","5419.41",""
"FISCHER HOMES OF INDIANAPOLIS","CG634968","CTH 805 - LVT","805","Chatham Hills","003","RESILIENT - LV CLICK","","","9371.20",""
"FISCHER HOMES OF INDIANAPOLIS","CG617347","BKN 26 - LVT","26","Brighton Knoll","003","RESILIENT - LV CLICK","2026-06-11","SCHEDULED","5881.84",""
"FISCHER HOMES OF INDIANAPOLIS","CG620260","PRS 66 - LVT","66","Parkrose","003","RESILIENT - LV CLICK","2026-06-11","SCHEDULED","4471.09",""
"FISCHER HOMES OF INDIANAPOLIS","CG613465","PRS 4 - LVT","4","Parkrose","003","RESILIENT - LV CLICK","2026-06-11","SCHEDULED","6352.12",""
"FISCHER HOMES OF INDIANAPOLIS","CG614230","EMP 32 - LVT","32","Emerald Preserve","003","RESILIENT - LV CLICK","2026-06-11","SCHEDULED","6699.31",""
"FISCHER HOMES OF INDIANAPOLIS","CG617478","COV 136 - LVT","136","Cove","003","RESILIENT - LV CLICK","2026-06-15","SCHEDULED","6080.10",""
"FISCHER HOMES OF INDIANAPOLIS","CG626682","GPV 601-4 - LVT","4","Townes at Grand Park Vill","003","RESILIENT - LV CLICK","2026-06-16","SCHEDULED","9180.37",""
"FISCHER HOMES OF INDIANAPOLIS","CG624478","COV 76 - LVT","76","Cove","003","RESILIENT - LV CLICK","2026-06-19","SCHEDULED","7321.67",""
"FISCHER HOMES OF INDIANAPOLIS","CG617116","CTH 706 - LVT","706","Chatham Hills","003","RESILIENT - LV CLICK","2026-06-23","SCHEDULED","9452.58",""
"FISCHER HOMES OF INDIANAPOLIS","CG620332","EMP 46 - LVT","46","Emerald Preserve","003","RESILIENT - LV CLICK","2026-06-23","SCHEDULED","3818.71",""
"FISCHER HOMES OF INDIANAPOLIS","CG627029","GPV 602-4 - LVT","4","Townes at Grand Park Vill","003","RESILIENT - LV CLICK","2026-06-25","SCHEDULED","8021.94",""
"FISCHER HOMES OF INDIANAPOLIS","CG617755","COV 11 - LVT","11","The Cove","003","RESILIENT - LV CLICK","2026-06-25","SCHEDULED","9971.80",""
"FISCHER HOMES OF INDIANAPOLIS","CG625535","CDR 94 - LVT","94","Cedar Ridge","003","RESILIENT - LV CLICK","2026-06-29","SCHEDULED","4480.94",""
"FISCHER HOMES OF INDIANAPOLIS","CG618974","CTH 713 - LVT","713","Chatham Hills","003","RESILIENT - LV CLICK","2026-06-30","SCHEDULED","1060.52",""
"FISCHER HOMES OF INDIANAPOLIS","CG619003","PRS 43B - LVT","43B","Parkrose","003","RESILIENT - LV CLICK","2026-06-30","SCHEDULED","4595.11",""
"FISCHER HOMES OF INDIANAPOLIS","CG618936","PRS 43A - LVT","43A","Parkrose","003","RESILIENT - LV CLICK","2026-06-30","SCHEDULED","3710.37",""
"FISCHER HOMES OF INDIANAPOLIS","CG619529","EMP 11 - LVT","11","Emerald Preserve","003","RESILIENT - LV CLICK","2026-07-02","SCHEDULED","6853.95",""
"FISCHER HOMES OF INDIANAPOLIS","CG629992","CDR 72 - LVT","72","Cedar Ridge","003","RESILIENT - LV CLICK","2026-07-03","SCHEDULED","3753.52",""
"FISCHER HOMES OF INDIANAPOLIS","CG625165","PRS 133 - LVT","133","Parkrose","003","RESILIENT - LV CLICK","2026-07-03","SCHEDULED","5014.19",""
"FISCHER HOMES OF INDIANAPOLIS","CG629413","GPV 603-4 - LVT","4","Townes at Grand Park Vill","003","RESILIENT - LV CLICK","2026-07-03","SCHEDULED","9339.83",""
"FISCHER HOMES OF INDIANAPOLIS","CG621285","COV 93 - LVT","93","Cove","003","RESILIENT - LV CLICK","2026-07-07","SCHEDULED","4044.64",""
"FISCHER HOMES OF INDIANAPOLIS","CG625141","PRS 143 - LVT","143","Parkrose","003","RESILIENT - LV CLICK","2026-07-07","SCHEDULED","3818.71",""
"FISCHER HOMES OF INDIANAPOLIS","CG619512","EMP 33 - LVT","33","Emerald Preserve","003","RESILIENT - LV CLICK","2026-07-08","SCHEDULED","3903.60",""
"FISCHER HOMES OF INDIANAPOLIS","CG629523","GPV 604-4 - LVT","4","Townes at Grand Park Vill","003","RESILIENT - LV CLICK","2026-07-08","SCHEDULED","8626.95",""
"FISCHER HOMES OF INDIANAPOLIS","CG626062","CDR 43 - LVT","43","Cedar Ridge","003","RESILIENT - LV CLICK","2026-07-09","SCHEDULED","4190.16",""
"FISCHER HOMES OF INDIANAPOLIS","CG621106","PRS 2 - LVT","2","Parkrose","003","RESILIENT - LV CLICK","2026-07-09","SCHEDULED","5296.87",""
"FISCHER HOMES OF INDIANAPOLIS","CG623476","BKN 34 - LVT","34","Brighton Knoll","003","RESILIENT - LV CLICK","2026-07-10","SCHEDULED","7267.79",""
"FISCHER HOMES OF INDIANAPOLIS","CG625223","EMP 44 - LVT","44","Emerald Preserve","003","RESILIENT - LV CLICK","2026-07-10","SCHEDULED","4190.16",""
"FISCHER HOMES OF INDIANAPOLIS","CG630466","PRS 148 - LVT","148","Parkrose","003","RESILIENT - LV CLICK","2026-07-13","SCHEDULED","6106.96",""
"FISCHER HOMES OF INDIANAPOLIS","CG627683","CTH 804 - LVT","804","CHATHAM HILLS","003","RESILIENT - LV CLICK","2026-07-14","SCHEDULED","9719.91",""
"FISCHER HOMES OF INDIANAPOLIS","CG629319","GPV 605-4 - LVT","4","Townes at Grand Park Vill","003","RESILIENT - LV CLICK","2026-07-14","SCHEDULED","9166.30",""
"FISCHER HOMES OF INDIANAPOLIS","CG631358","CDR 56 - LVT","56","Cedar Ridge","003","RESILIENT - LV CLICK","2026-07-14","SCHEDULED","7095.61",""
"FISCHER HOMES OF INDIANAPOLIS","CG629761","COV 107 - LVT","107","Cove","003","RESILIENT - LV CLICK","2026-07-16","SCHEDULED","7067.64",""
"FISCHER HOMES OF INDIANAPOLIS","CG630120","GPV 606-4 - LVT","4","Townes at Grand Park Vill","003","RESILIENT - LV CLICK","2026-07-17","SCHEDULED","8397.14",""
"D.R. HORTON INDIANA (INDIANA DIVISION)","CG640641","HH 730 - LVT GLUE","730","HOMESTEAD HLE","003","RESILIENT - LV GLUE","","","2856.38",""
"D.R. HORTON INDIANA (INDIANA DIVISION)","CG640768","FNB 168 - LAM","168","Fields at New Bethel","003","RESILIENT - LV CLICK","","","3363.12",""
"D.R. HORTON INDIANA (INDIANA DIVISION)","CG640789","HH 683 - LVT GLUE","683","Homestead HLE","003","RESILIENT - LV GLUE","","","2477.97",""
"D.R. HORTON INDIANA (INDIANA DIVISION)","CG624300","CP 120 - LVT GLUE","120","CENTRE PLACE","003","RESILIENT - LV GLUE","2026-06-08","SCHEDULED","2554.74",""
"D.R. HORTON INDIANA (INDIANA DIVISION)","CG617692","HH 669 - LVT GLUE","669","HOMESTEAD","003","RESILIENT - LV GLUE","2026-06-09","SCHEDULED","2820.62",""
"D.R. HORTON INDIANA (INDIANA DIVISION)","CG625277","HH 694 - LVT GLUE","694","Homestead HLE","003","RESILIENT - LV GLUE","2026-06-10","SCHEDULED","2277.98",""
"D.R. HORTON INDIANA (INDIANA DIVISION)","CG617544","HH 668 - LVT GLUE","668","HOMESTEAD HLE","003","RESILIENT - LV GLUE","2026-06-10","SCHEDULED","3184.68",""
"D.R. HORTON INDIANA (INDIANA DIVISION)","CG624369","SF 131 - LVP GLUE","131","SUMMERFIELD","003","RESILIENT - LV GLUE","2026-06-15","SCHEDULED","2968.71",""
"D.R. HORTON INDIANA (INDIANA DIVISION)","CG623528","CP 121 - LVT GLUE","121","CENTRE PLACE","003","RESILIENT - LV GLUE","2026-06-17","SCHEDULED","2856.38",""
"D.R. HORTON INDIANA (INDIANA DIVISION)","CG626074","HH 672 - LVT GLUE DOWN","672","HOMESTEAD","003","RESILIENT - LV GLUE","2026-06-17","SCHEDULED","3043.60",""
"D.R. HORTON INDIANA (INDIANA DIVISION)","CG636517","RMF 530 MODEL - LVT GLUE","530","RESERVE AT MILES FARM","003","RESILIENT - LV GLUE","2026-06-17","SCHEDULED","2554.74",""
"D.R. HORTON INDIANA (INDIANA DIVISION)","CG628440","CP 108 - LVT GLUE","108","CENTRE PLACE","003","RESILIENT - LV GLUE","2026-06-18","SCHEDULED","2477.97",""
"D.R. HORTON INDIANA (INDIANA DIVISION)","CG628801","CP 119 - LVT GLUE","119","CENTRE PLACE","003","RESILIENT - LV GLUE","2026-06-18","SCHEDULED","2277.98",""
"D.R. HORTON INDIANA (INDIANA DIVISION)","CG629187","CP 123 - LVT GLUE","123","CENTRE PLACE","003","RESILIENT - LV GLUE","2026-06-18","SCHEDULED","2277.98",""
"D.R. HORTON INDIANA (INDIANA DIVISION)","CG628786","CP 9 - LVT GLUE","9","CENTRE PLACE","003","RESILIENT - LV GLUE","2026-06-19","SCHEDULED","2912.65",""
"D.R. HORTON INDIANA (INDIANA DIVISION)","CG627865","HH 768 - LVT GLUE","768","Homestead HLE","003","RESILIENT - LV GLUE","2026-06-26","SCHEDULED","2856.38",""
"D.R. HORTON INDIANA (INDIANA DIVISION)","CG631666","HH 675 - LVP GLUE","675","HOMESTEAD","003","RESILIENT - LV GLUE","2026-06-29","SCHEDULED","2277.98",""
"D.R. HORTON INDIANA (INDIANA DIVISION)","CG631504","HH 673 - LVT GLUE","673","HOMESTEAD HLE","003","RESILIENT - LV GLUE","2026-07-08","SCHEDULED","2277.98",""
"D.R. HORTON INDIANA (INDIANA DIVISION)","CG629929","HH 674 - LVT GLUE","674","HOMESTEAD HLE","003","RESILIENT - LV GLUE","2026-07-09","SCHEDULED","2856.38",""
"D.R. HORTON INDIANA (INDIANA DIVISION)","CG632662","HH 676 - LVT GLUE","676","HOMESTEAD HLE","003","RESILIENT - LV GLUE","2026-07-09","SCHEDULED","2820.62",""
"D.R. HORTON INDIANA (INDIANA DIVISION)","CG631398","HH 787 - LVT GLUE","787","HOMESTEAD HLE","003","RESILIENT - LV GLUE","2026-07-10","SCHEDULED","1679.51",""
"D.R. HORTON INDIANA (INDIANA DIVISION)","CG631374","HH 815 - LVT GLUE","815","HOMESTEAD HLE","003","RESILIENT - LV GLUE","2026-07-10","SCHEDULED","2856.38",""
"D.R. HORTON INDIANA (INDIANA DIVISION)","CG638448","CP 3 - LVT GLUE","3","CENTRE PLACE","003","RESILIENT - LV GLUE","2026-07-14","SCHEDULED","2477.97",""
"D.R. HORTON INDIANA (INDIANA DIVISION)","CG638393","CP 7 - LVT GLUE","7","CENTRE PLACE","003","RESILIENT - LV GLUE","2026-07-15","SCHEDULED","3298.91",""
"D.R. HORTON INDIANA (INDIANA DIVISION)","CG638901","CP 14 - LVT GLUE","14","CENTRE PLACE","003","RESILIENT - LV GLUE","2026-07-16","SCHEDULED","3043.60",""
"D.R. HORTON INDIANA (INDIANA DIVISION)","CG639385","CP 122 - LVT GLUE","122","CENTRE PLACE","003","RESILIENT - LV GLUE","2026-07-16","SCHEDULED","3043.60",""
"D.R. HORTON INDIANA (INDIANA DIVISION)","CG637455","CP 125 - LVP GLUE","125","CENTRE PLACE","003","RESILIENT - LV GLUE","2026-07-17","SCHEDULED","2856.38",""
"D.R. HORTON INDIANA (INDIANA DIVISION)","CG639286","SD 70 - LVT GLUE","70","SUMMERFIELD","003","RESILIENT - LV GLUE","2026-07-17","SCHEDULED","2856.38",""
"D.R. HORTON INDIANA (INDIANA DIVISION)","CG638657","SD 66 - LVP GLUE","66","SUMMERFIELD","003","RESILIENT - LV GLUE","2026-07-17","SCHEDULED","4321.77",""
"D.R. HORTON INDIANA (INDIANA DIVISION)","CG638486","HH 769 - LVT GLUE","769","Homestead HLE","003","RESILIENT - LV GLUE","2026-07-22","SCHEDULED","2820.62",""
"D.R. HORTON INDIANA (INDIANA DIVISION)","CG639411","HH 678 - LVT GLUE","678","HOMESTEAD HLE","003","RESILIENT - LV GLUE","2026-07-23","SCHEDULED","3298.91",""
"D.R. HORTON INDIANA (INDIANA DIVISION)","CG637676","HH 687 - LVP GLUE","687","HOMESTEAD HLE","003","RESILIENT - LV GLUE","2026-07-23","SCHEDULED","3298.91",""
"D.R. HORTON INDIANA (INDIANA DIVISION)","CG638969","HH 764 - LVT GLUE","764","HOMESTEAD HLE","003","RESILIENT - LV GLUE","2026-07-23","SCHEDULED","1679.51",""
"D.R. HORTON INDIANA (INDIANA DIVISION)","CG639710","SD 76 - LVT GLUE","76","SUMMERFIELD","003","RESILIENT - LV GLUE","2026-07-23","SCHEDULED","2856.38",""
"D.R. HORTON INDIANA (INDIANA DIVISION)","CG638858","HH 682 - LVP GLUE","682","HOMESTEAD HLE","003","RESILIENT - LV GLUE","2026-07-23","SCHEDULED","3043.60",""
"D.R. HORTON INDIANA (INDIANA DIVISION)","CG638718","HH 689 - LVP GLUE","689","HOMESTEAD HLE","003","RESILIENT - LV GLUE","2026-07-23","SCHEDULED","3043.60",""
"D.R. HORTON INDIANA (INDIANA DIVISION)","CG638806","SD 99 - LVT GLUE","99","SUMMEFIELD","003","RESILIENT - LV GLUE","2026-07-23","SCHEDULED","2477.97",""
"D.R. HORTON INDIANA (INDIANA DIVISION)","CG638943","HH 691 - LVP GLUE","691","HOMESTEAD HLE","003","RESILIENT - LV GLUE","2026-07-23","SCHEDULED","2277.98",""
"D.R. HORTON INDIANA (INDIANA DIVISION)","CG638694","HH 679 - LVT GLUE","679","HOMESTEAD HLE","003","RESILIENT - LV GLUE","2026-07-23","SCHEDULED","2554.74",""
"D.R. HORTON INDIANA (INDIANA DIVISION)","CG639341","HH 681 - LVT GLUE","681","HOMESTEAD HLE","003","RESILIENT - LV GLUE","2026-07-23","SCHEDULED","2820.62",""
"D.R. HORTON INDIANA (INDIANA DIVISION)","CG639897","HS 677 - LVT GLUE","677","HOMESTEAD","003","RESILIENT - LV GLUE","2026-07-24","SCHEDULED","2477.97",""
"ARBOR HOMES - INDIANAPOLIS","CG640896","BRI 40 - LVT","40","Bridle Oaks South","003","RESILIENT - LV CLICK","","","2366.10",""
"ARBOR HOMES - INDIANAPOLIS","CG640749","BRI 14 - LVT","14","Bridle Oaks South","003","RESILIENT - LV CLICK","","","3237.30",""
"ARBOR HOMES - INDIANAPOLIS","CG637161","BRI 16 - LVT","16","Bridle Oaks South","003","RESILIENT - LV CLICK","","","4959.90",""
"ARBOR HOMES - INDIANAPOLIS","CG637260","BRI 41 - LVT","41","Bridle Oaks South","003","RESILIENT - LV CLICK","","","4093.65",""
"ARBOR HOMES - INDIANAPOLIS","CG640738","BRI 7 - LVT","7","Bridle Oaks South","003","RESILIENT - LV CLICK","","","6571.20",""
"ARBOR HOMES - INDIANAPOLIS","CG639420","IBF 85 - LVT","85","Isabelle Farms","003","RESILIENT - LV CLICK","","","3999.60",""
"ARBOR HOMES - INDIANAPOLIS","CG641073","NWH 134 - LVT","134","Northwood Haven","003","RESILIENT - LV CLICK","","","4281.75",""
"ARBOR HOMES - INDIANAPOLIS","CG640699","HLS 34 - LVT","34","Highland Springs","003","RESILIENT - LV CLICK","","","4816.35",""
"ARBOR HOMES - INDIANAPOLIS","CG639127","IBF 72 - LVT","72","Isabelle Farms","003","RESILIENT - LV CLICK","","","4816.35",""
"ARBOR HOMES - INDIANAPOLIS","CG638574","BRI 13 - LVT","13","Bridle Oaks South","003","RESILIENT - LV CLICK","","","3762.00",""
"ARBOR HOMES - INDIANAPOLIS","CG635007","BRI 19 - LVT","19","Bridle Oaks South","003","RESILIENT - LV CLICK","","","4474.80",""
"ARBOR HOMES - INDIANAPOLIS","CG637281","SMS 15 - LVT","15","Somerset","003","RESILIENT - LV CLICK","","","5618.25",""
"ARBOR HOMES - INDIANAPOLIS","CG639463","BRI 15 - LVT","15","Bridle Oaks South","003","RESILIENT - LV CLICK","","","4400.55",""
"ARBOR HOMES - INDIANAPOLIS","CG635765","SMS 12 - LVT","12","Somerset","003","RESILIENT - LV CLICK","","","6113.25",""
"ARBOR HOMES - INDIANAPOLIS","CG639023","IBF 56 - LVT","56","Isabelle Farms","003","RESILIENT - LV CLICK","","","5049.00",""
"ARBOR HOMES - INDIANAPOLIS","CG637195","BRI 42 - LVT","42","Bridle Oaks South","003","RESILIENT - LV CLICK","","","3484.80",""
"ARBOR HOMES - INDIANAPOLIS","CG635029","BRI 36 - LVT","36","Bridle Oaks South","003","RESILIENT - LV CLICK","","","5638.05",""
"ARBOR HOMES - INDIANAPOLIS","CG639375","IBF 103 - LVT","103","Isabelle Farms","003","RESILIENT - LV CLICK","","","6915.15",""
"ARBOR HOMES - INDIANAPOLIS","CG632238","IBF 78 - LVT","78","Isabelle Farms","003","RESILIENT - LV CLICK","2026-06-18","SCHEDULED","4489.65",""
"ARBOR HOMES - INDIANAPOLIS","CG630302","IBF 119 - LVT","119","Isabelle Farms","003","RESILIENT - LV CLICK","2026-06-19","SCHEDULED","2920.50",""
"ARBOR HOMES - INDIANAPOLIS","CG632593","SMS 59 - LVT","59","Somerset","003","RESILIENT - LV CLICK","2026-06-22","SCHEDULED","5845.95",""
"ARBOR HOMES - INDIANAPOLIS","CG633374","IBF 50 - LVT","50","Isabelle Farms","003","RESILIENT - LV CLICK","2026-06-24","SCHEDULED","3138.30",""
"ARBOR HOMES - INDIANAPOLIS","CG621089","SVS 287 - LVT","287","Silver Stream","003","RESILIENT - LV CLICK","2026-06-25","SCHEDULED","4524.30",""
"ARBOR HOMES - INDIANAPOLIS","CG633749","NWH 149 - LVT","149","Northwood Haven","003","RESILIENT - LV CLICK","2026-06-26","SCHEDULED","5712.30",""
"ARBOR HOMES - INDIANAPOLIS","CG633501","BRI 22 - MODEL OFFICE LVT","22","Bridle Oaks South","003","RESILIENT - LV CLICK","2026-06-26","SCHEDULED","744.58",""
"ARBOR HOMES - INDIANAPOLIS","CG630010","SMS 13 - LVT","13","Somerset","003","RESILIENT - LV CLICK","2026-06-29","SCHEDULED","4489.65",""
"ARBOR HOMES - INDIANAPOLIS","CG633500","BRI 22 - MODEL LVT","22","Bridle Oaks South","003","RESILIENT - LV CLICK","2026-06-29","SCHEDULED","3846.54",""
"ARBOR HOMES - INDIANAPOLIS","CG619956","SVS 295 - LVT","295","Silver Stream","003","RESILIENT - LV CLICK","2026-07-01","SCHEDULED","5271.75",""
"ARBOR HOMES - INDIANAPOLIS","CG622267","SVS 303 - LVT","303","Silver Stream","003","RESILIENT - LV CLICK","2026-07-02","SCHEDULED","5677.65",""
"ARBOR HOMES - INDIANAPOLIS","CG633662","MAP 41 - LVT","41","Maple Trails","003","RESILIENT - LV CLICK","2026-07-06","SCHEDULED","4816.35",""
"ARBOR HOMES - INDIANAPOLIS","CG633408","IBF 108 - LVT","108","Isabelle Farms","003","RESILIENT - LV CLICK","2026-07-06","SCHEDULED","4489.65",""
"ARBOR HOMES - INDIANAPOLIS","CG635681","NWH 150 - LVT","150","Northwood Haven","003","RESILIENT - LV CLICK","2026-07-09","SCHEDULED","2356.20",""
"ARBOR HOMES - INDIANAPOLIS","CG634962","MAP 295 - LVT","295","Maple Trails","003","RESILIENT - LV CLICK","2026-07-09","SCHEDULED","4781.70",""
"ARBOR HOMES - INDIANAPOLIS","CG635733","MAP 290 - LVT","290","Maple Trails","003","RESILIENT - LV CLICK","2026-07-10","SCHEDULED","4093.65",""
"ONYX & EAST INDIANAPOLIS","CG634056","NKR 4002 - LVT","4002","Nickel Row","003","RESILIENT - LV CLICK","","","7044.84",""
"ONYX & EAST INDIANAPOLIS","CG640289","COL 4003 - LVT","4003","Colere","003","RESILIENT - LV CLICK","","","3583.40",""
"ONYX & EAST INDIANAPOLIS","CG634078","NKR 4001 MODEL - LVT","4001","Nickel Row","003","RESILIENT - LV CLICK","","","9481.97",""
"ONYX & EAST INDIANAPOLIS","CG634005","NKR 4003 - LVT","4003","Nickel Row","003","RESILIENT - LV CLICK","","","7433.95",""
"ONYX & EAST INDIANAPOLIS","CG625711","WBH 10 - LVT","10","Westbranch Holdings","003","RESILIENT - LV CLICK","","","6650.50",""
"ONYX & EAST INDIANAPOLIS","CG629306","WBH 162 - LVT","162","Westbranch Holdings","003","RESILIENT - LV CLICK","2026-06-12","SCHEDULED","5624.08",""
"ONYX & EAST INDIANAPOLIS","CG629358","WBH 20 - LVT","20","Westbranch Holdings","003","RESILIENT - LV CLICK","2026-06-12","FOLLOW UP","6650.50",""
"ONYX & EAST INDIANAPOLIS","CG630590","WBH 159 - LVT","159","Westbranch Holdings","003","RESILIENT - LV CLICK","2026-06-16","SCHEDULED","6279.78",""
"ONYX & EAST INDIANAPOLIS","CG630772","WBH 160 - LVT","160","Westbranch Holdings","003","RESILIENT - LV CLICK","2026-06-16","SCHEDULED","5624.08",""
"ONYX & EAST INDIANAPOLIS","CG630867","WBH 161 - LVT","161","Westbranch Holdings","003","RESILIENT - LV CLICK","2026-06-16","SCHEDULED","6279.78",""
"ONYX & EAST INDIANAPOLIS","CG629393","WBH 158 - LVT","158","Westbranch Holdings","003","RESILIENT - LV CLICK","2026-06-24","SCHEDULED","5624.08",""
"ONYX & EAST INDIANAPOLIS","CG629381","WBH 157 - LVT","157","Westbranch Holdings","003","RESILIENT - LV CLICK","2026-06-24","SCHEDULED","6279.78",""
"ONYX & EAST INDIANAPOLIS","CG629658","WBH 155 - LVT","155","Westbranch Holdings","003","RESILIENT - LV CLICK","2026-06-30","SCHEDULED","6279.78",""
"ONYX & EAST INDIANAPOLIS","CG629695","WBH 154 - LVT","154","Westbranch Holdings","003","RESILIENT - LV CLICK","2026-06-30","SCHEDULED","5624.08",""
"ONYX & EAST INDIANAPOLIS","CG629675","WBH 156 - LVT","156","Westbranch Holdings","003","RESILIENT - LV CLICK","2026-06-30","SCHEDULED","5624.08",""
"ONYX & EAST INDIANAPOLIS","CG640277","COL 4002 - LVT","4002","Colere","003","RESILIENT - LV CLICK","2026-07-06","SCHEDULED","3751.50",""
"ONYX & EAST INDIANAPOLIS","CG640396","COL 4004 - LVT","4004","Colere","003","RESILIENT - LV CLICK","2026-07-06","SCHEDULED","3751.50",""
"ONYX & EAST INDIANAPOLIS","CG639782","COL 4001 - LVT","4001","Colere","003","RESILIENT - LV CLICK","2026-07-06","SCHEDULED","4321.40",""
"ONYX & EAST INDIANAPOLIS","CG640426","COL 4005 - LVT","4005","Colere","003","RESILIENT - LV CLICK","2026-07-06","SCHEDULED","4321.40",""
"ONYX & EAST INDIANAPOLIS","CG629924","WBH 153 - LVT","153","Westbranch Holdings","003","RESILIENT - LV CLICK","2026-07-08","SCHEDULED","5624.08",""
"ONYX & EAST INDIANAPOLIS","CG612510","WBH 19 - LVT","19","Westbranch Holdings","003","RESILIENT - LV CLICK","2026-07-08","SCHEDULED","6650.50",""
"ONYX & EAST INDIANAPOLIS","CG612465","WBH 18 - LVT","18","Westbranch Holdings","003","RESILIENT - LV CLICK","2026-07-08","SCHEDULED","6650.50",""
"ONYX & EAST INDIANAPOLIS","CG612432","WBH 15 - LVT","15","Westbranch Holdings","003","RESILIENT - LV CLICK","2026-07-14","SCHEDULED","6650.50",""
"ONYX & EAST INDIANAPOLIS","CG612499","WBH 17 -  LVT","17","Westbranch Holdings","003","RESILIENT - LV CLICK","2026-07-14","SCHEDULED","6650.50",""
"ONYX & EAST INDIANAPOLIS","CG612493","WBH 16 - LVT","16","Westbranch Holdings","003","RESILIENT - LV CLICK","2026-07-14","SCHEDULED","6650.50",""
"ONYX & EAST INDIANAPOLIS","CG612431","WBH 15 - WT","15","Westbranch Holdings","003","RESILIENT - LV CLICK","2026-07-14","SCHEDULED","1316.00",""
"ONYX & EAST INDIANAPOLIS","CG636740","WBH 13 - LVT","13","Westbranch Holdings","003","RESILIENT - LV CLICK","2026-07-21","SCHEDULED","6650.50",""
"ONYX & EAST INDIANAPOLIS","CG637414","WBH 12 - LVT","12","Westbranch Holdings","003","RESILIENT - LV CLICK","2026-07-21","SCHEDULED","6650.50",""
"ONYX & EAST INDIANAPOLIS","CG612418","WBH 14 - LVT","14","Westbranch Holdings","003","RESILIENT - LV CLICK","2026-07-21","SCHEDULED","6650.50",""
"PULTE HOMES OF LOUISV MS 1050","FN620877","KAR TCG 4 93 - LVT F/U","","","005","RESILIENT - LV CLICK","","","0.00",""
"PULTE HOMES OF LOUISV MS 1050","FN615172","KCS TCG 4 95 - LVT","","","005","RESILIENT - LV CLICK","","","195.00",""
"PULTE HOMES OF LOUISV MS 1050","CG622518","KCS TCG 4.5 180 - LVT","180","CREEKSTONE","005","RESILIENT - LV CLICK","2026-06-08","COMPLETED - ADDL LABOR","8480.02",""
"PULTE HOMES OF LOUISV MS 1050","CG626209","KAR TCG 4.5 98 - LVT","98","AIKEN RIDGE TCG 4.5","005","RESILIENT - LV CLICK","2026-06-10","JOB CUT","9208.18",""
"PULTE HOMES OF LOUISV MS 1050","CG630172","KCTF 162 - LVT - CLICK","162","CATALPA FARMS","005","RESILIENT - LV CLICK","2026-06-11","JOB CUT","3711.68",""
"PULTE HOMES OF LOUISV MS 1050","CG627664","KAR TCG 4 95 - LVT","95","AIKEN RIDGE TCG 4","005","RESILIENT - LV CLICK","2026-06-11","JOB CUT","3164.63",""
"PULTE HOMES OF LOUISV MS 1050","CG627833","KCTF 163 - LVT","163","CATALPA FARMS","005","RESILIENT - LV CLICK","2026-06-12","SCHEDULED","3711.68",""
"PULTE HOMES OF LOUISV MS 1050","CG633875","KAM TCG 4.5 142 - LVP","142","ARDMORE TCG 4.5 COMBINED","005","RESILIENT - LV CLICK","2026-06-17","SCHEDULED","4403.48",""
"PULTE HOMES OF LOUISV MS 1050","CG628039","KCTF 160 - LVT","160","CAPALTA FARMS","005","RESILIENT - LV CLICK","2026-06-18","SCHEDULED","4963.64",""
"PULTE HOMES OF LOUISV MS 1050","CG627450","KCTF 176 - LVT","176","Catalpa Farms","005","RESILIENT - LV CLICK","2026-06-22","SCHEDULED","3827.76",""
"PULTE HOMES OF LOUISV MS 1050","CG633848","KAM TCG 4.5 140 - LVP","140","ARDMORE TCG 4.5 COMBINED","005","RESILIENT - LV CLICK","2026-06-23","SCHEDULED","3648.82",""
"PULTE HOMES OF LOUISV MS 1050","CG633629","KCS TCG 4.5 39 - LVP","39","CREEKSTONE TCG 4.5 PACKAG","005","RESILIENT - LV CLICK","2026-06-25","SCHEDULED","5867.19",""
"PULTE HOMES OF LOUISV MS 1050","CG638232","KCTF 151 - LVT  CLICK","151","CATALPA FARMS","005","RESILIENT - LV CLICK","2026-06-30","SCHEDULED","4963.64",""
"PULTE HOMES OF LOUISV MS 1050","CG633793","KCTF 155 - LVP","155","CATALPA FARMS","005","RESILIENT - LV CLICK","2026-07-01","SCHEDULED","4855.81",""
"PULTE HOMES OF LOUISV MS 1050","CG633047","KAR TCG 4 71 - LVT","71","Aiken Ridge TCG 4","005","RESILIENT - LV CLICK","2026-07-01","SCHEDULED","3164.63",""
"PULTE HOMES OF LOUISV MS 1050","CG638905","KAR TCG 4 96 - LVT - CLICK","96","AIKEN RIDGE TCG 4","005","RESILIENT - LV CLICK","2026-07-08","SCHEDULED","3982.62",""
"PULTE HOMES OF LOUISV MS 1050","CG638213","KAR TCG 4 76 - LVT CLICK","76","AIKEN RIDGE TCG 4","005","RESILIENT - LV CLICK","2026-07-08","SCHEDULED","3982.62",""
"PULTE HOMES OF LOUISV MS 1050","CG639990","KAM TCG 4.5 137 - LVT","137","ARDMORE TCG 4.5","005","RESILIENT - LV CLICK","2026-07-13","SCHEDULED","3729.89",""
"PULTE HOMES OF LOUISV MS 1050","CG638847","KAR TCG 4.5 115 - LVT - CLICK","115","AIKEN RIDGE TCG 4.5","005","RESILIENT - LV CLICK","2026-07-13","SCHEDULED","4842.78",""
"PULTE HOMES OF LOUISV MS 1050","CG639767","KAR TCG 4.5 89 - LVT - CLICK","89","AIKEN RIDGE TCG 4.5","005","RESILIENT - LV CLICK","2026-07-29","SCHEDULED","3827.76",""
"PULTE HOMES OF LOUISV MS 1050","CG639946","KAR TCG 4.5 114 - LVT","114","AIKEN RIDGE TCG 4.5","005","RESILIENT - LV CLICK","2026-07-30","SCHEDULED","3827.76",""
"ESTRIDGE HOMES","CG635049","MD 232 - LVT","232","Midland","003","RESILIENT - LV CLICK","","","15891.64",""
"ESTRIDGE HOMES","CG632634","MD 111 - LVT","111","Midland","003","RESILIENT - LV CLICK","","","6061.88",""
"ESTRIDGE HOMES","CG634627","MD 250 - LVT","250","Midland","003","RESILIENT - LV CLICK","","","12764.69",""
"ESTRIDGE HOMES","CG634693","CH R32 - LVT","R32","Chatham","003","RESILIENT - LV CLICK","","","30156.75",""
"ESTRIDGE HOMES","CG632118","MD 100 - LVT","100","MIDLAND","003","RESILIENT - LV CLICK","","","5843.32",""
"ESTRIDGE HOMES","CG632464","MD 124 - LVT","124","Midland","003","RESILIENT - LV CLICK","","","6469.39",""
"ESTRIDGE HOMES","CG632499","MD 123 - LVT","123","Midland","003","RESILIENT - LV CLICK","","","6387.95",""
"ESTRIDGE HOMES","CG631522","MD 144 - LVT","144","MIDLAND","003","RESILIENT - LV CLICK","","","7461.94",""
"ESTRIDGE HOMES","CG634722","MD 156 - LVT","156","Midland","003","RESILIENT - LV CLICK","","","5782.24",""
"ESTRIDGE HOMES","CG633647","MD 112 - LVT","112","Midland","003","RESILIENT - LV CLICK","","","4662.44",""
"ESTRIDGE HOMES","CG635054","MD 255 - LVT","255","Midland","003","RESILIENT - LV CLICK","","","12383.97",""
"ESTRIDGE HOMES","CG635066","MD 246 - LVT","246","Midland","003","RESILIENT - LV CLICK","","","13157.70",""
"ESTRIDGE HOMES","CG632091","MD 242 - LVT","242","Midland","003","RESILIENT - LV CLICK","","","13872.84",""
"ESTRIDGE HOMES","CG638323","CH R46 - LVT","R46","Chatham","003","RESILIENT - LV CLICK","","","26286.64",""
"ESTRIDGE HOMES","CG619315","MD 106 - LVT","106","MIDLAND","003","RESILIENT - LV CLICK","2026-06-09","SCHEDULED","3320.52",""
"ESTRIDGE HOMES","CG630249","MD 228 - LVT","228","Midland","003","RESILIENT - LV CLICK","2026-06-30","SCHEDULED","15178.38",""
"ESTRIDGE HOMES","CG625173","MD 237 - LVT","237","Midland","003","RESILIENT - LV CLICK","2026-07-01","SCHEDULED","13160.03",""
"ESTRIDGE HOMES","CG631817","MD 257 - LVT","257","MIDLAND","003","RESILIENT - LV CLICK","2026-07-06","SCHEDULED","20161.49",""
"ESTRIDGE HOMES","CG616847","MD 120 - LVT","120","Midland","003","RESILIENT - LV CLICK","2026-07-08","SCHEDULED","6856.23",""
"DAVID WEEKLEY HOMES","FN604421","HTW 221 - LVT - FINISH UP","","","003","RESILIENT - LV CLICK","","","0.00",""
"DAVID WEEKLEY HOMES","CG627911","HTW 43 - LVT","43","Harvest Trail of Westfiel","003","RESILIENT - LV CLICK","","","6375.12",""
"DAVID WEEKLEY HOMES","CG628588","HTW 44 - LVT","44","Harvest Trail of Westfiel","003","RESILIENT - LV CLICK","","","7175.04",""
"DAVID WEEKLEY HOMES","CG635633","HTW 47 - LVT","47","Harvest Trail of Westfiel","003","RESILIENT - LV CLICK","","","6120.60",""
"DAVID WEEKLEY HOMES","CG639558","GRF 94 - LVT","94","Grantham at Fishers","003","RESILIENT - LV CLICK","","","6823.56",""
"DAVID WEEKLEY HOMES","FN620316","HTW 51 - LVT FINISH UP","","","003","RESILIENT - LV CLICK","2026-06-09","FINISH UP","0.00",""
"DAVID WEEKLEY HOMES","CG626900","HTW 126 - LVT","126","Harvest Trail of Westfiel","003","RESILIENT - LV CLICK","2026-06-10","SCHEDULED","7017.48",""
"DAVID WEEKLEY HOMES","CG630232","HTW 54 - LVT","54","Harvest Trail","003","RESILIENT - LV CLICK","2026-06-25","SCHEDULED","5660.04",""
"DAVID WEEKLEY HOMES","CG624573","GRF 88 - LVT","88","Grantham at Fishers","003","RESILIENT - LV CLICK","2026-06-26","SCHEDULED","7932.54",""
"DAVID WEEKLEY HOMES","CG623089","HTW 49 - LVT","49","Harvest Trail of Westfiel","003","RESILIENT - LV CLICK","2026-06-30","SCHEDULED","6120.60",""
"DAVID WEEKLEY HOMES","CG628616","GRF 101 - LVT","101","Grantham at Fishers","003","RESILIENT - LV CLICK","2026-07-02","SCHEDULED","11180.70",""
"DAVID WEEKLEY HOMES","CG636489","HTW 57 - LVT","57","HARVEST TRAIL WESTFIELD","003","RESILIENT - LV CLICK","2026-07-23","SCHEDULED","9799.02",""
"ELITE HOMES","CG614993","RLE 110 - LVT","110","Reserve at L'Esprit","005","RESILIENT - LV CLICK","","","4588.50",""
"ELITE HOMES","CG615389","RLE 158 - LVT","158","Reserve at L'Esprit","005","RESILIENT - LV CLICK","","","9267.25",""
"ELITE HOMES","CG616779","RLE 126 - LVT","126","Reserve at L'Esprit","005","RESILIENT - LV CLICK","","","13163.75",""
"ELITE HOMES","CG609415","RO 16 - LVT","16","Royal Oaks","005","RESILIENT - LV CLICK","","","3743.40",""
"ELITE HOMES","CG603773","RLE 133 - LVT","133","Reserve at L'Esprit","005","RESILIENT - LV CLICK","","","5599.80",""
"ELITE HOMES","CG610686","RLE 134 - LVT","134","Reserve at L'Esprit","005","RESILIENT - LV CLICK","","","6533.10",""
"ELITE HOMES","CG601976","RLE 129 - LVT","129","Reserve at L'Esprit","005","RESILIENT - LV CLICK","","","15645.35",""
"ELITE HOMES","CG606390","RLE 132 - LVT","132","Reserve at L'Esprit","005","RESILIENT - LV CLICK","2026-06-10","JOB CUT","7293.50",""
"ELITE HOMES","CG601989","RO 13 - LVT","13","Royal Oaks","005","RESILIENT - LV CLICK","2026-06-11","JOB CUT","7328.70",""
"ELITE HOMES","CG600754","RLE 131 - LVT","131","Reserve at L'Esprit","005","RESILIENT - LV CLICK","2026-06-18","INSPECTION FAILED - HALT","5599.80",""
"ELITE HOMES","CG602087","RO 36 - LVT","36","Royal Oaks","005","RESILIENT - LV CLICK","2026-06-22","SCHEDULED","8994.54",""
"ELITE HOMES","CG604945","RLE 128 - LVT","128","Reserve at L'Esprit","005","RESILIENT - LV CLICK","2026-07-02","SCHEDULED","7043.10",""
"FISCHER HOMES OF LOUISVILLE","CG627215","SMK 425 - LVT","425","Sanctuary at Mallard Lake","005","RESILIENT - LV CLICK","","","5680.17",""
"FISCHER HOMES OF LOUISVILLE","CG633604","BTH 301 - LVT","301","Bethel Springs","005","RESILIENT - LV CLICK","","","3674.60",""
"FISCHER HOMES OF LOUISVILLE","CG630432","BGM 129 - LVT","129","Bluegrass Meadow","005","RESILIENT - LV CLICK","","","6469.37",""
"FISCHER HOMES OF LOUISVILLE","CG632715","HPT 128A - LVT","128A","Harvest Point","005","RESILIENT - LV CLICK","","","3522.30",""
"FISCHER HOMES OF LOUISVILLE","CG633585","HPT 128B - LVT","128B","Harvest Point","005","RESILIENT - LV CLICK","","","3522.30",""
"FISCHER HOMES OF LOUISVILLE","CG614279","SMK 342 - LVT","342","Sanctuary at Mallard Lake","005","RESILIENT - LV CLICK","2026-06-17","SCHEDULED","6632.24",""
"FISCHER HOMES OF LOUISVILLE","CG619339","SMK 428 - LVT","428","Sanctuary at Mallard Lake","005","RESILIENT - LV CLICK","2026-06-25","SCHEDULED","6651.00",""
"FISCHER HOMES OF LOUISVILLE","CG618649","SMK 424 - LVT","424","Sanctuary at Mallard Lake","005","RESILIENT - LV CLICK","2026-06-26","SCHEDULED","4540.50",""
"FISCHER HOMES OF LOUISVILLE","CG630191","BTH 212 - LVT","212","Bethel Springs","005","RESILIENT - LV CLICK","2026-07-01","SCHEDULED","3557.48",""
"FISCHER HOMES OF LOUISVILLE","CG630020","VHC 64 - LVT","64","Villages at Heritage Cree","005","RESILIENT - LV CLICK","2026-07-03","SCHEDULED","4235.18",""
"HAGAN PROPERTIES, BELLE AT CEDAR CREEK (AIA)","CG609466","CHANGE ORDER #8","","","005","RESILIENT - LV GLUE","","","8962.81",""
"HAGAN PROPERTIES, BELLE AT CEDAR CREEK (AIA)","CG616378","BLDG 9 LVP (TYPE B-HC)","","","005","RESILIENT - LV CLICK","","","47925.23",""
"HAGAN PROPERTIES, BELLE AT CEDAR CREEK (AIA)","CG616385","BLDG 15 LVP (TYPE A-HC)","","","005","RESILIENT - LV CLICK","","","44082.00",""
"HAGAN PROPERTIES, BELLE AT CEDAR CREEK (AIA)","CG600906","BLDG 7 (TYPE A) - LVP","","","005","RESILIENT - LV CLICK","","","44082.00",""
"HAGAN PROPERTIES, BELLE AT CEDAR CREEK (AIA)","CG616380","BLDG 11 LVP (TYPE B-ALT)","","","005","RESILIENT - LV CLICK","","","47925.23",""
"HAGAN PROPERTIES, BELLE AT CEDAR CREEK (AIA)","CG616381","BLDG 12 LVP (TYPE B)","","","005","RESILIENT - LV CLICK","","","47925.23",""
"HAGAN PROPERTIES, BELLE AT CEDAR CREEK (AIA)","CG616379","BLDG 10 LVP (TYPE B-ALT)","","","005","RESILIENT - LV CLICK","","","47925.23",""
"HAGAN PROPERTIES, BELLE AT CEDAR CREEK (AIA)","CG616384","BLDG 14 LVP (TYPE A)","","","005","RESILIENT - LV CLICK","","","44082.00",""
"HAGAN PROPERTIES, BELLE AT CEDAR CREEK (AIA)","CG616382","BLDG 13 LVP (TYPE A)","","","005","RESILIENT - LV CLICK","","","44082.00",""
"HAGAN PROPERTIES, BELLE AT CEDAR CREEK (AIA)","CG616377","BLDG 8 LVP (TYPE A)","","","005","RESILIENT - LV CLICK","2026-06-15","SCHEDULED","44082.00",""
"TAYLOR MORRISON","CG637864","FCR 1072 - LVT","1072","LAKES AT FINCH CREEK","003","RESILIENT - LV CLICK","","","620.25",""
"TAYLOR MORRISON","CG628400","FCR 1085 - LVT","1085","FINCH CREEK","003","RESILIENT - LV CLICK","2026-06-09","SCHEDULED","4791.27",""
"TAYLOR MORRISON","FN624259","ROC 40 - LVT - F/U","","","003","RESILIENT - LV CLICK","2026-06-11","FINISH UP","0.00",""
"TAYLOR MORRISON","CG623932","ROC 43 - LVT","43","ROCKRIDGE","003","RESILIENT - LV CLICK","2026-06-12","READY","697.78",""
"TAYLOR MORRISON","CG633975","FCR 1084 - LVT","1084","FINCH CREEK","003","RESILIENT - LV CLICK","2026-06-25","SCHEDULED","1265.61",""
"TAYLOR MORRISON","CG633892","ROC 25 - LVT","25","ROCKRIDGE","003","RESILIENT - LV CLICK","2026-07-06","SCHEDULED","542.72",""
"TAYLOR MORRISON","CG633866","ROC 5 - LVT","5","ROCKRIDGE","003","RESILIENT - LV CLICK","2026-07-06","SCHEDULED","542.72",""
"TAYLOR MORRISON","CG637456","FCR 1073 - LVT","1073","FINCH CREEK","003","RESILIENT - LV CLICK","2026-07-09","SCHEDULED","1029.75",""
"TAYLOR MORRISON","CG636815","FCR 1079 - LVT","1079","FINCH CREEK","003","RESILIENT - LV CLICK","2026-07-10","SCHEDULED","1593.50",""
"PILLAR HOMES & REMODELING LLC","CG628869","10826 MCPHERSON - LVT","221","10826 MCPHERSON","003","RESILIENT - LV CLICK","2026-06-10","SCHEDULED","4484.21",""
"PILLAR HOMES & REMODELING LLC","CG631980","10824 MCPHERSON - LVT","221","MCPHERSON STREET","003","RESILIENT - LV CLICK","2026-06-10","SCHEDULED","4484.21",""
"PILLAR HOMES & REMODELING LLC","CG628959","10816 MCPHERSON - LVT","222","10816 MCPHERSON","003","RESILIENT - LV CLICK","2026-06-19","SCHEDULED","4484.21",""
"PILLAR HOMES & REMODELING LLC","CG631920","10814 MCPHERSON - LVT","222","MCPHERSON STREET","003","RESILIENT - LV CLICK","2026-06-19","SCHEDULED","4484.21",""
"PILLAR HOMES & REMODELING LLC","CG629361","10806 MCPHERSON - LVT GLUE","223","10806 MCPHERSON","003","RESILIENT - LV GLUE","2026-06-30","SCHEDULED","4043.52",""
"PILLAR HOMES & REMODELING LLC","CG628824","10804 MCPHERSON - LVT","223","10804 MCPHERSON","003","RESILIENT - LV CLICK","2026-06-30","SCHEDULED","5399.36",""
"PILLAR HOMES & REMODELING LLC","CG631806","6030 N TUXEDO - LVT","6030","ELLIS RESIDENCE","003","RESILIENT - LV CLICK","2026-07-09","SCHEDULED","2624.73",""
"PILLAR HOMES & REMODELING LLC","CG618510","9608 HAMILTON - LVT","9608","HAMILTON HILLS DR","003","RESILIENT - LV CLICK","2026-07-13","SCHEDULED","12140.65",""
"PILLAR HOMES & REMODELING LLC","CG618928","9608 HAMILTON - IN LAW LVP","9608","HAMILTON HILLS DR","003","RESILIENT - LV CLICK","2026-07-13","SCHEDULED","2241.35",""
"ARBOR HOMES - LOUISVILLE","CG635910","DIETR 28 - LVT","28","Dietrich Farms","005","RESILIENT - LV CLICK","","","6350.75",""
"ARBOR HOMES - LOUISVILLE","CG640672","OLH 286 - LVT","286","Old Heritage","005","RESILIENT - LV CLICK","","","5277.25",""
"ARBOR HOMES - LOUISVILLE","CG639322","OE 259 - LVT","259","The Overlook at Eastwood","005","RESILIENT - LV CLICK","","","4374.75",""
"ARBOR HOMES - LOUISVILLE","CG632867","BROST 509 - LVT","509","Brookstone","005","RESILIENT - LV CLICK","","","6004.05",""
"ARBOR HOMES - LOUISVILLE","CG639904","BROST 514 - LVT","514","Brookstone","005","RESILIENT - LV CLICK","2026-06-08","COMPLETED","3857.00",""
"ARBOR HOMES - LOUISVILLE","610130CO","OE 223 - LVT","","","005","RESILIENT - LV CLICK","2026-06-09","COMPLETED","407.84",""
"ARBOR HOMES - LOUISVILLE","CG632256","CC 98 - LVT","98","Cedar Creek","005","RESILIENT - LV CLICK","2026-06-16","SCHEDULED","3106.50",""
"ARBOR HOMES - LOUISVILLE","CG624653","OLH 85 - LVT","85","Old Heritage","005","RESILIENT - LV CLICK","2026-06-23","SCHEDULED","3933.00",""
"ARBOR HOMES - LOUISVILLE","CG621352","OLH 3 - LVT","3","Old Heritage","005","RESILIENT - LV CLICK","2026-07-02","SCHEDULED","4303.50",""
"D.R. HORTON OF LOUISVILLE","CG639358","KCB 34 - LVT","34","CEDAR BROOK","005","RESILIENT - LV CLICK","","","4733.70",""
"D.R. HORTON OF LOUISVILLE","CG620750","KCB 27 - LVT","27","CEDAR BROOK","005","RESILIENT - LV CLICK","2026-06-11","INSPECTION FAILED - HALT","6041.90",""
"D.R. HORTON OF LOUISVILLE","CG618967","KCB 26 - LVT","26","CEDAR BROOK","005","RESILIENT - LV CLICK","2026-06-11","JOB CUT","3627.19",""
"D.R. HORTON OF LOUISVILLE","CG619308","KCB 50 - LVT","50","CEDAR BROOK","005","RESILIENT - LV CLICK","2026-06-26","SCHEDULED","4014.37",""
"D.R. HORTON OF LOUISVILLE","CG628940","KCB 32 - LVT","32","CEDAR BROOK","005","RESILIENT - LV CLICK","2026-07-14","SCHEDULED","5306.15",""
"D.R. HORTON OF LOUISVILLE","CG636084","KCB 31 - LVT","31","CEDAR BROOK","005","RESILIENT - LV CLICK","2026-07-17","SCHEDULED","4733.70",""
"D.R. HORTON OF LOUISVILLE","CG639277","KCB 29 - LVT","29","CEDAR BROOK","005","RESILIENT - LV CLICK","2026-07-24","SCHEDULED","4733.70",""
"D.R. HORTON OF LOUISVILLE","CG639391","KCB 30 - LVT","30","Cedar Brook","005","RESILIENT - LV CLICK","2026-07-24","SCHEDULED","6041.90",""
"D.R. HORTON OF LOUISVILLE","CG637174","KCB 33 - LVT","33","CEDAR BROOK","005","RESILIENT - LV CLICK","2026-07-24","SCHEDULED","4442.30",""
"DAVIS BUILDING GROUP LLC","CG631421","OYL 413 - LVT","413","ON YOUR LOT","003","RESILIENT - LV CLICK","2026-06-15","SCHEDULED","10635.71",""
"DAVIS BUILDING GROUP LLC","CG618186","OYL 423 - LVT","423","ON YOUR LOT","003","RESILIENT - LV CLICK","2026-07-02","SCHEDULED","10667.89",""
"DAVIS BUILDING GROUP LLC","CG620201","OYL 408 - LVT","408","ON YOUR LOT","003","RESILIENT - LV CLICK","2026-07-06","SCHEDULED","6763.10",""
"DAVIS BUILDING GROUP LLC","CG631452","OYL 425 - LVT","425","ON YOUR LOT","003","RESILIENT - LV CLICK","2026-07-16","SCHEDULED","12893.35",""
"TAYLOR HOMES - LOUISVILLE","CG608331","15902 - LVT","15902 Somers","15902 Somers","005","RESILIENT - LV CLICK","","","0.00",""
"TAYLOR HOMES - LOUISVILLE","CG633491","MODEL- LANDING LVT MAT","","","005","RESILIENT - LV CLICK","","","0.00",""
"TAYLOR HOMES - LOUISVILLE","CG634534","15870 - LVT","15870 Mahoney","15870 Mahoney","005","RESILIENT - LV CLICK","","","7475.16",""
"TAYLOR HOMES - LOUISVILLE","CG610365","15823 - LVT","15823","15823 Gilliam","005","RESILIENT - LV CLICK","","JOB CUT","6964.49",""
"EPCON COMMUNITIES - INDIANAPOLIS","CG617773","CRO CLUBHOUSE - LVP GLUE","","COURTYARDS OF RUSSELL OAK","003","RESILIENT - LV GLUE","2026-06-19","SCHEDULED","11564.33",""
"EPCON COMMUNITIES - INDIANAPOLIS","CG614641","CRO 141 - LAM","141","Courtyards of Russell Oak","003","RESILIENT - LV CLICK","2026-07-01","SCHEDULED","10946.04",""
"EPCON COMMUNITIES - INDIANAPOLIS","CG630286","CCR CLUBHOUSE - LVT","MEDIUM CLUBHOUSE","COURTYARDS OF CIELO RANCH","003","RESILIENT - LV GLUE","2026-07-01","SCHEDULED","4660.98",""
"UNBRIDLED HOMES","FN553421","ROMAN-LVT","","","005","RESILIENT - LV CLICK","","","0.00",""
"UNBRIDLED HOMES","CG635496","ROMAN - VENTS","7050","EAST BISHOP HILL","005","RESILIENT - LV CLICK","","","1971.71",""
"UNBRIDLED HOMES","CG619826","DUNCAN RESIDENCE - LVT","501","MEDINA WAY","005","RESILIENT - LV CLICK","2026-06-10","JOB CUT","662.25",""
"REDSMITH CONSTRUCTION, LLC","CG632416","","","","016","RESILIENT - LV CLICK","2026-06-03","SCHEDULED","1126.33",""
"REDSMITH CONSTRUCTION, LLC","FN622420","WANTLAND-LVT","7905","BRISCOE WOODS","005","RESILIENT - LV CLICK","2026-06-04","SCHEDULED","0.00",""
"REDSMITH CONSTRUCTION, LLC","CG632415","","","","016","RESILIENT - LV CLICK","2026-06-15","INSPECTION FAILED - HALT","7415.19",""
"SUPERIOR BUILDERS","FN617467","GE 61 - LVT","61","GLENMARY ESTATES","005","RESILIENT - LV CLICK","","","0.00",""
"SUPERIOR BUILDERS","CG609762","BATES 8531 - LVT","8531","BATES ROAD","005","RESILIENT - LV CLICK","","","9368.60",""
"SUPERIOR BUILDERS","CG622920","BATES 8531 - LVT/VENTS","8531","BATES RD","005","RESILIENT - LV CLICK","","","2306.36",""
"OLD TOWN DESIGN GROUP","593201C1","PRO 139C - LVT CHANGE ORDER","139C","PROVENANCE","003","RESILIENT - LV CLICK","","","0.00",""
"THE RH GROUP LTD","FN632990","JONES - LVT - F/U","","","003","RESILIENT - LV CLICK","","","0.00",""
"BENNETT CUSTOM HOMES","CG615976","ILKO -LVP","9250","W WOLF MOUNTAIN RD","003","RESILIENT - LV CLICK","","","16086.41",""
"DUKE HOMES INC","CG623989","ENRIGHT POOL HOUSE - LVT","5858","ENRIGHT RESIDENCE","003","RESILIENT - LV CLICK","","","3838.43",""
"DAVE SEGO BUILDERS","CG623635","ALLEN RESIDENCE - LVP","14380","ALLEN RESIDENCE","003","RESILIENT - LV CLICK","2026-06-30","SCHEDULED","27636.88",""
"TK CONSTRUCTORS OF INDIANA","CG633640","I2-3435 - LVT","I2-3435","I2-3435","003","RESILIENT - LV CLICK","","","10527.00",""
"TAYLOR HOMES - INDIANAPOLIS","CG638689","15923 - LVT","0315923","0315923","003","RESILIENT - LV CLICK","","","8909.73",""
"DIYANNI HOMES - INDY","CG627444","1523 - LVT","3369 MATEPAW LANE","BURTON RESIDENCE","003","RESILIENT - LV CLICK","","","1349.41",""
"SWEENEY CONSTRUCTION, LLC","FN603590","POWERS RESIDENCE - LVT","","POWERS RESIDENCE","005","RESILIENT - LV CLICK","","","0.00",""
"DIYANNI HOMES - LOUISVILLE","CG616606","1519 GAUSE - LVT","1519","GAUSEPOHL","005","RESILIENT - LV CLICK","2026-06-09","SCHEDULED","1992.88",""
"GARY HOLLOWELL CONSTRUCTION","CG641212","KIMSEY-LVT","279","KIMSEY","005","RESILIENT - LV GLUE","","","3204.50",""
"KEY HOMES","CG630041","CL 395 - LVT","","","005","RESILIENT - LV CLICK","","","4874.05",""
"FESSEL CONSTRUCTION","CG615359","BEYERLE - LVT","7925","HWY 337 NW","005","RESILIENT - LV CLICK","","","19171.95",""
"STURDY BUILT HOMES","CG627973","DOBBINS - LVT","11623","DOBBINS RESIDENCE","005","RESILIENT - LV CLICK","","","6047.36",""
