Builder,Order #,Job #,Lot,Tract,Store,Job Type,Install Date,Status,Revenue
"PULTE HOMES OF LOUISV MS 1050","FN620877","KAR TCG 4 93 - LVT F/U","","","005","RESILIENT - LV CLICK","","","0.00"
"PULTE HOMES OF LOUISV MS 1050","FN615172","KCS TCG 4 95 - LVT","","","005","RESILIENT - LV CLICK","","","195.00"
"PULTE HOMES OF LOUISV MS 1050","CG622518","KCS TCG 4.5 180 - LVT","180","CREEKSTONE","005","RESILIENT - LV CLICK","2026-06-08","COMPLETED - ADDL LABOR","8480.02"
"PULTE HOMES OF LOUISV MS 1050","CG626209","KAR TCG 4.5 98 - LVT","98","AIKEN RIDGE TCG 4.5","005","RESILIENT - LV CLICK","2026-06-10","JOB CUT","9208.18"
"PULTE HOMES OF LOUISV MS 1050","CG630172","KCTF 162 - LVT - CLICK","162","CATALPA FARMS","005","RESILIENT - LV CLICK","2026-06-11","JOB CUT","3711.68"
"PULTE HOMES OF LOUISV MS 1050","CG627664","KAR TCG 4 95 - LVT","95","AIKEN RIDGE TCG 4","005","RESILIENT - LV CLICK","2026-06-11","JOB CUT","3164.63"
"PULTE HOMES OF LOUISV MS 1050","CG627833","KCTF 163 - LVT","163","CATALPA FARMS","005","RESILIENT - LV CLICK","2026-06-12","SCHEDULED","3711.68"
"PULTE HOMES OF LOUISV MS 1050","CG633875","KAM TCG 4.5 142 - LVP","142","ARDMORE TCG 4.5 COMBINED","005","RESILIENT - LV CLICK","2026-06-17","SCHEDULED","4403.48"
"PULTE HOMES OF LOUISV MS 1050","CG628039","KCTF 160 - LVT","160","CAPALTA FARMS","005","RESILIENT - LV CLICK","2026-06-18","SCHEDULED","4963.64"
"PULTE HOMES OF LOUISV MS 1050","CG627450","KCTF 176 - LVT","176","Catalpa Farms","005","RESILIENT - LV CLICK","2026-06-22","SCHEDULED","3827.76"
"PULTE HOMES OF LOUISV MS 1050","CG633848","KAM TCG 4.5 140 - LVP","140","ARDMORE TCG 4.5 COMBINED","005","RESILIENT - LV CLICK","2026-06-23","SCHEDULED","3648.82"
"PULTE HOMES OF LOUISV MS 1050","CG633629","KCS TCG 4.5 39 - LVP","39","CREEKSTONE TCG 4.5 PACKAG","005","RESILIENT - LV CLICK","2026-06-25","SCHEDULED","5867.19"
"PULTE HOMES OF LOUISV MS 1050","CG638232","KCTF 151 - LVT  CLICK","151","CATALPA FARMS","005","RESILIENT - LV CLICK","2026-06-30","SCHEDULED","4963.64"
"PULTE HOMES OF LOUISV MS 1050","CG633793","KCTF 155 - LVP","155","CATALPA FARMS","005","RESILIENT - LV CLICK","2026-07-01","SCHEDULED","4855.81"
"PULTE HOMES OF LOUISV MS 1050","CG633047","KAR TCG 4 71 - LVT","71","Aiken Ridge TCG 4","005","RESILIENT - LV CLICK","2026-07-01","SCHEDULED","3164.63"
"PULTE HOMES OF LOUISV MS 1050","CG638905","KAR TCG 4 96 - LVT - CLICK","96","AIKEN RIDGE TCG 4","005","RESILIENT - LV CLICK","2026-07-08","SCHEDULED","3982.62"
"PULTE HOMES OF LOUISV MS 1050","CG638213","KAR TCG 4 76 - LVT CLICK","76","AIKEN RIDGE TCG 4","005","RESILIENT - LV CLICK","2026-07-08","SCHEDULED","3982.62"
"PULTE HOMES OF LOUISV MS 1050","CG639990","KAM TCG 4.5 137 - LVT","137","ARDMORE TCG 4.5","005","RESILIENT - LV CLICK","2026-07-13","SCHEDULED","3729.89"
"PULTE HOMES OF LOUISV MS 1050","CG638847","KAR TCG 4.5 115 - LVT - CLICK","115","AIKEN RIDGE TCG 4.5","005","RESILIENT - LV CLICK","2026-07-13","SCHEDULED","4842.78"
"PULTE HOMES OF LOUISV MS 1050","CG639767","KAR TCG 4.5 89 - LVT - CLICK","89","AIKEN RIDGE TCG 4.5","005","RESILIENT - LV CLICK","2026-07-29","SCHEDULED","3827.76"
"PULTE HOMES OF LOUISV MS 1050","CG639946","KAR TCG 4.5 114 - LVT","114","AIKEN RIDGE TCG 4.5","005","RESILIENT - LV CLICK","2026-07-30","SCHEDULED","3827.76"
"ELITE HOMES","CG614993","RLE 110 - LVT","110","Reserve at L'Esprit","005","RESILIENT - LV CLICK","","","4588.50"
"ELITE HOMES","CG615389","RLE 158 - LVT","158","Reserve at L'Esprit","005","RESILIENT - LV CLICK","","","9267.25"
"ELITE HOMES","CG616779","RLE 126 - LVT","126","Reserve at L'Esprit","005","RESILIENT - LV CLICK","","","13163.75"
"ELITE HOMES","CG609415","RO 16 - LVT","16","Royal Oaks","005","RESILIENT - LV CLICK","","","3743.40"
"ELITE HOMES","CG603773","RLE 133 - LVT","133","Reserve at L'Esprit","005","RESILIENT - LV CLICK","","","5599.80"
"ELITE HOMES","CG610686","RLE 134 - LVT","134","Reserve at L'Esprit","005","RESILIENT - LV CLICK","","","6533.10"
"ELITE HOMES","CG601976","RLE 129 - LVT","129","Reserve at L'Esprit","005","RESILIENT - LV CLICK","","","15645.35"
"ELITE HOMES","CG606390","RLE 132 - LVT","132","Reserve at L'Esprit","005","RESILIENT - LV CLICK","2026-06-10","JOB CUT","7293.50"
"ELITE HOMES","CG601989","RO 13 - LVT","13","Royal Oaks","005","RESILIENT - LV CLICK","2026-06-11","JOB CUT","7328.70"
"ELITE HOMES","CG600754","RLE 131 - LVT","131","Reserve at L'Esprit","005","RESILIENT - LV CLICK","2026-06-18","INSPECTION FAILED - HALT","5599.80"
"ELITE HOMES","CG602087","RO 36 - LVT","36","Royal Oaks","005","RESILIENT - LV CLICK","2026-06-22","SCHEDULED","8994.54"
"ELITE HOMES","CG604945","RLE 128 - LVT","128","Reserve at L'Esprit","005","RESILIENT - LV CLICK","2026-07-02","SCHEDULED","7043.10"
"FISCHER HOMES OF LOUISVILLE","CG627215","SMK 425 - LVT","425","Sanctuary at Mallard Lake","005","RESILIENT - LV CLICK","","","5680.17"
"FISCHER HOMES OF LOUISVILLE","CG633604","BTH 301 - LVT","301","Bethel Springs","005","RESILIENT - LV CLICK","","","3674.60"
"FISCHER HOMES OF LOUISVILLE","CG630432","BGM 129 - LVT","129","Bluegrass Meadow","005","RESILIENT - LV CLICK","","","6469.37"
"FISCHER HOMES OF LOUISVILLE","CG632715","HPT 128A - LVT","128A","Harvest Point","005","RESILIENT - LV CLICK","","","3522.30"
"FISCHER HOMES OF LOUISVILLE","CG633585","HPT 128B - LVT","128B","Harvest Point","005","RESILIENT - LV CLICK","","","3522.30"
"FISCHER HOMES OF LOUISVILLE","CG614279","SMK 342 - LVT","342","Sanctuary at Mallard Lake","005","RESILIENT - LV CLICK","2026-06-17","SCHEDULED","6632.24"
"FISCHER HOMES OF LOUISVILLE","CG619339","SMK 428 - LVT","428","Sanctuary at Mallard Lake","005","RESILIENT - LV CLICK","2026-06-25","SCHEDULED","6651.00"
"FISCHER HOMES OF LOUISVILLE","CG618649","SMK 424 - LVT","424","Sanctuary at Mallard Lake","005","RESILIENT - LV CLICK","2026-06-26","SCHEDULED","4540.50"
"FISCHER HOMES OF LOUISVILLE","CG630191","BTH 212 - LVT","212","Bethel Springs","005","RESILIENT - LV CLICK","2026-07-01","SCHEDULED","3557.48"
"FISCHER HOMES OF LOUISVILLE","CG630020","VHC 64 - LVT","64","Villages at Heritage Cree","005","RESILIENT - LV CLICK","2026-07-03","SCHEDULED","4235.18"
"HAGAN PROPERTIES, BELLE AT CEDAR CREEK (AIA)","CG609466","CHANGE ORDER #8","","","005","RESILIENT - LV GLUE","","","8962.81"
"HAGAN PROPERTIES, BELLE AT CEDAR CREEK (AIA)","CG616378","BLDG 9 LVP (TYPE B-HC)","","","005","RESILIENT - LV CLICK","","","47925.23"
"HAGAN PROPERTIES, BELLE AT CEDAR CREEK (AIA)","CG616385","BLDG 15 LVP (TYPE A-HC)","","","005","RESILIENT - LV CLICK","","","44082.00"
"HAGAN PROPERTIES, BELLE AT CEDAR CREEK (AIA)","CG600906","BLDG 7 (TYPE A) - LVP","","","005","RESILIENT - LV CLICK","","","44082.00"
"HAGAN PROPERTIES, BELLE AT CEDAR CREEK (AIA)","CG616380","BLDG 11 LVP (TYPE B-ALT)","","","005","RESILIENT - LV CLICK","","","47925.23"
"HAGAN PROPERTIES, BELLE AT CEDAR CREEK (AIA)","CG616381","BLDG 12 LVP (TYPE B)","","","005","RESILIENT - LV CLICK","","","47925.23"
"HAGAN PROPERTIES, BELLE AT CEDAR CREEK (AIA)","CG616379","BLDG 10 LVP (TYPE B-ALT)","","","005","RESILIENT - LV CLICK","","","47925.23"
"HAGAN PROPERTIES, BELLE AT CEDAR CREEK (AIA)","CG616384","BLDG 14 LVP (TYPE A)","","","005","RESILIENT - LV CLICK","","","44082.00"
"HAGAN PROPERTIES, BELLE AT CEDAR CREEK (AIA)","CG616382","BLDG 13 LVP (TYPE A)","","","005","RESILIENT - LV CLICK","","","44082.00"
"HAGAN PROPERTIES, BELLE AT CEDAR CREEK (AIA)","CG616377","BLDG 8 LVP (TYPE A)","","","005","RESILIENT - LV CLICK","2026-06-15","SCHEDULED","44082.00"
"ARBOR HOMES - LOUISVILLE","CG635910","DIETR 28 - LVT","28","Dietrich Farms","005","RESILIENT - LV CLICK","","","6350.75"
"ARBOR HOMES - LOUISVILLE","CG640672","OLH 286 - LVT","286","Old Heritage","005","RESILIENT - LV CLICK","","","5277.25"
"ARBOR HOMES - LOUISVILLE","CG639322","OE 259 - LVT","259","The Overlook at Eastwood","005","RESILIENT - LV CLICK","","","4374.75"
"ARBOR HOMES - LOUISVILLE","CG632867","BROST 509 - LVT","509","Brookstone","005","RESILIENT - LV CLICK","","","6004.05"
"ARBOR HOMES - LOUISVILLE","CG639904","BROST 514 - LVT","514","Brookstone","005","RESILIENT - LV CLICK","2026-06-08","COMPLETED","3857.00"
"ARBOR HOMES - LOUISVILLE","610130CO","OE 223 - LVT","","","005","RESILIENT - LV CLICK","2026-06-09","COMPLETED","407.84"
"ARBOR HOMES - LOUISVILLE","CG632256","CC 98 - LVT","98","Cedar Creek","005","RESILIENT - LV CLICK","2026-06-16","SCHEDULED","3106.50"
"ARBOR HOMES - LOUISVILLE","CG624653","OLH 85 - LVT","85","Old Heritage","005","RESILIENT - LV CLICK","2026-06-23","SCHEDULED","3933.00"
"ARBOR HOMES - LOUISVILLE","CG621352","OLH 3 - LVT","3","Old Heritage","005","RESILIENT - LV CLICK","2026-07-02","SCHEDULED","4303.50"
"D.R. HORTON OF LOUISVILLE","CG639358","KCB 34 - LVT","34","CEDAR BROOK","005","RESILIENT - LV CLICK","","","4733.70"
"D.R. HORTON OF LOUISVILLE","CG620750","KCB 27 - LVT","27","CEDAR BROOK","005","RESILIENT - LV CLICK","2026-06-11","INSPECTION FAILED - HALT","6041.90"
"D.R. HORTON OF LOUISVILLE","CG618967","KCB 26 - LVT","26","CEDAR BROOK","005","RESILIENT - LV CLICK","2026-06-11","JOB CUT","3627.19"
"D.R. HORTON OF LOUISVILLE","CG619308","KCB 50 - LVT","50","CEDAR BROOK","005","RESILIENT - LV CLICK","2026-06-26","SCHEDULED","4014.37"
"D.R. HORTON OF LOUISVILLE","CG628940","KCB 32 - LVT","32","CEDAR BROOK","005","RESILIENT - LV CLICK","2026-07-14","SCHEDULED","5306.15"
"D.R. HORTON OF LOUISVILLE","CG636084","KCB 31 - LVT","31","CEDAR BROOK","005","RESILIENT - LV CLICK","2026-07-17","SCHEDULED","4733.70"
"D.R. HORTON OF LOUISVILLE","CG639277","KCB 29 - LVT","29","CEDAR BROOK","005","RESILIENT - LV CLICK","2026-07-24","SCHEDULED","4733.70"
"D.R. HORTON OF LOUISVILLE","CG639391","KCB 30 - LVT","30","Cedar Brook","005","RESILIENT - LV CLICK","2026-07-24","SCHEDULED","6041.90"
"D.R. HORTON OF LOUISVILLE","CG637174","KCB 33 - LVT","33","CEDAR BROOK","005","RESILIENT - LV CLICK","2026-07-24","SCHEDULED","4442.30"
"TAYLOR HOMES - LOUISVILLE","CG608331","15902 - LVT","15902 Somers","15902 Somers","005","RESILIENT - LV CLICK","","","0.00"
"TAYLOR HOMES - LOUISVILLE","CG633491","MODEL- LANDING LVT MAT","","","005","RESILIENT - LV CLICK","","","0.00"
"TAYLOR HOMES - LOUISVILLE","CG634534","15870 - LVT","15870 Mahoney","15870 Mahoney","005","RESILIENT - LV CLICK","","","7475.16"
"TAYLOR HOMES - LOUISVILLE","CG610365","15823 - LVT","15823","15823 Gilliam","005","RESILIENT - LV CLICK","","JOB CUT","6964.49"
"UNBRIDLED HOMES","FN553421","ROMAN-LVT","","","005","RESILIENT - LV CLICK","","","0.00"
"UNBRIDLED HOMES","CG635496","ROMAN - VENTS","7050","EAST BISHOP HILL","005","RESILIENT - LV CLICK","","","1971.71"
"UNBRIDLED HOMES","CG619826","DUNCAN RESIDENCE - LVT","501","MEDINA WAY","005","RESILIENT - LV CLICK","2026-06-10","JOB CUT","662.25"
"SUPERIOR BUILDERS","FN617467","GE 61 - LVT","61","GLENMARY ESTATES","005","RESILIENT - LV CLICK","","","0.00"
"SUPERIOR BUILDERS","CG609762","BATES 8531 - LVT","8531","BATES ROAD","005","RESILIENT - LV CLICK","","","9368.60"
"SUPERIOR BUILDERS","CG622920","BATES 8531 - LVT/VENTS","8531","BATES RD","005","RESILIENT - LV CLICK","","","2306.36"
"REDSMITH CONSTRUCTION, LLC","FN622420","WANTLAND-LVT","7905","BRISCOE WOODS","005","RESILIENT - LV CLICK","2026-06-04","SCHEDULED","0.00"
"SWEENEY CONSTRUCTION, LLC","FN603590","POWERS RESIDENCE - LVT","","POWERS RESIDENCE","005","RESILIENT - LV CLICK","","","0.00"
"DIYANNI HOMES - LOUISVILLE","CG616606","1519 GAUSE - LVT","1519","GAUSEPOHL","005","RESILIENT - LV CLICK","2026-06-09","SCHEDULED","1992.88"
"GARY HOLLOWELL CONSTRUCTION","CG641212","KIMSEY-LVT","279","KIMSEY","005","RESILIENT - LV GLUE","","","3204.50"
"KEY HOMES","CG630041","CL 395 - LVT","","","005","RESILIENT - LV CLICK","","","4874.05"
"FESSEL CONSTRUCTION","CG615359","BEYERLE - LVT","7925","HWY 337 NW","005","RESILIENT - LV CLICK","","","19171.95"
"STURDY BUILT HOMES","CG627973","DOBBINS - LVT","11623","DOBBINS RESIDENCE","005","RESILIENT - LV CLICK","","","6047.36"
